Date,Symbol,Open,High,Low,Close,Volume,Market Cap
27-05-2024,BTC,30809.58,30994.67,30546.82,30860.08,56401,1952595808
28-05-2024,BTC,29683.33,29710.53,29393.97,29621.54,93000,2912108958
29-05-2024,BTC,29757.68,30162.98,29360.25,29702.07,21922,735269787
30-05-2024,BTC,29224.17,29528.71,29003.36,29220.31,68580,1639741683
31-05-2024,BTC,28878.68,29245.65,28741.99,28873.03,83619,1940128740
01-06-2024,BTC,30329.17,30766.39,29916.79,30104.21,13386,352484510
02-06-2024,BTC,29587.2,29715.14,29120.55,29188.84,76039,1998644956
03-06-2024,BTC,30842.96,30996.74,30763.59,30812.69,60502,1862147012
04-06-2024,BTC,29310.42,29640.75,29141.34,29578.57,38974,1101478823
05-06-2024,BTC,30636.65,30842.59,30226.47,30295.24,97830,3520880147
06-06-2024,BTC,29350.87,29660.56,29015.73,29114.15,70938,1697377941
07-06-2024,BTC,29046.36,29277.52,28892.56,28893.22,22466,755946431
08-06-2024,BTC,29971.72,30271.89,29777.69,29894.18,89347,2312411452
09-06-2024,BTC,30736.2,31107.27,30338.96,30488.78,15677,481852020
10-06-2024,BTC,29334.03,29808.59,29195.06,29718.58,98713,2902500826
11-06-2024,BTC,28947.61,29173.99,28505.62,28690.26,90435,2815704921
12-06-2024,BTC,30236.9,30628.72,29971.77,30079.04,19050,659163864
13-06-2024,BTC,29431.12,29573.92,29177.99,29343.58,20551,510910450
14-06-2024,BTC,29201.02,29405.13,28740.24,29030.44,22239,747883305
15-06-2024,BTC,30498.15,30636.23,30400.45,30506.61,49366,1230799813
16-06-2024,BTC,29733.35,29826.52,29365.03,29755.98,16811,426535557
17-06-2024,BTC,29225.14,29600.85,29100.4,29393.91,24094,673832293
18-06-2024,BTC,30016.27,30030.19,29789.22,29891.11,40489,1334869229
19-06-2024,BTC,29614.96,29913.6,29464.93,29829.58,17501,565561546
20-06-2024,BTC,30165.72,30437.74,30020.03,30231.75,45735,1493375373
21-06-2024,BTC,30456.1,30692.39,30214.84,30257.48,18754,568954405
22-06-2024,BTC,29058.18,29329.99,28666.9,28841.31,67056,2316056123
23-06-2024,BTC,29373.15,29450.37,29262.96,29269.55,85395,2021252563
24-06-2024,BTC,29935.95,30350.16,29783.68,29824.25,10193,362087266
25-06-2024,BTC,29177.53,29202.9,28869.5,28876.04,79667,2632282883
26-06-2024,BTC,30229.59,30660.36,29844.4,30332.33,53092,1657149434
27-06-2024,BTC,29396.03,29480.36,29110.62,29380.4,70233,2293984619
28-06-2024,BTC,29174.7,29572.92,28945.51,29495.08,48693,1690529828
29-06-2024,BTC,30539.2,30735.84,30520.78,30640.61,66758,2337275405
30-06-2024,BTC,30489.8,30639.03,30024.96,30104.23,13345,470124227
01-07-2024,BTC,28911.85,29125.36,28519.77,29036.09,43371,1458916437
02-07-2024,BTC,29388.67,29637.2,28998.98,29365.86,54242,1827212032
03-07-2024,BTC,30841.45,31173.47,30573.55,30788.54,19735,533759339
04-07-2024,BTC,29525.57,29816.59,29408.33,29603.65,94377,2946660779
05-07-2024,BTC,29735.27,29787.91,29288.55,29289.17,96811,3232521546
06-07-2024,BTC,29397.07,29584.01,29363.89,29575.16,75612,2543638435
07-07-2024,BTC,30146.12,30196.55,30088.9,30149.14,31815,964794581
08-07-2024,BTC,30775.14,31216.12,30702.75,30954.63,99136,3217398762
09-07-2024,BTC,30039.38,30402.61,29860.82,30108.13,95447,2760365902
10-07-2024,BTC,30058.76,30481.15,29774.92,30318.75,30846,868312916
11-07-2024,BTC,30854.71,31018.55,30576.69,30592.47,65012,1935075525
12-07-2024,BTC,29756.34,29793.04,29371.8,29657.14,74565,2258858415
13-07-2024,BTC,29677.08,29816.09,29527.31,29743.79,59483,1984870796
14-07-2024,BTC,30643.37,30829.24,30475.83,30793.49,91889,3202283629
15-07-2024,BTC,30045.09,30313.62,29896.18,30311.79,15530,488636432
16-07-2024,BTC,29095.23,29470.87,29028.75,29263.51,21675,694158060
17-07-2024,BTC,29681.78,30144.87,29673.74,29864.69,57785,1656663822
18-07-2024,BTC,30037.45,30297.58,30024.57,30145.59,39743,1162909256
19-07-2024,BTC,29086.2,29175.46,29035.09,29156.28,21200,528745322
20-07-2024,BTC,29842.45,30206.46,29666.83,29890.62,35155,965604916
21-07-2024,BTC,29120.12,29128.08,29104.87,29119.84,73350,2373462401
22-07-2024,BTC,30672.95,30698.5,30546.01,30697.36,21584,731921913
23-07-2024,BTC,30431.45,30697.79,30347.64,30441.78,48595,1395518037
24-07-2024,BTC,29591.76,29947.45,29555.16,29671.47,37097,1213935041
25-07-2024,BTC,30439.18,30729.15,30068,30429.95,59476,2131161621
26-07-2024,BTC,30650.22,30794.79,30183.62,30255.78,37160,1117306492
27-07-2024,BTC,30504.94,30637.42,30357.33,30558.69,34256,1088443992
28-07-2024,BTC,29525.03,29664.01,29088.54,29495.52,90374,2955936832
29-07-2024,BTC,30835.61,31137.95,30631.39,30695.25,11537,394664842
30-07-2024,BTC,30836.9,30950.84,30741.55,30940.57,73276,2706463145
31-07-2024,BTC,29261.17,29636.92,29100.74,29299.16,46280,1357719394
01-08-2024,BTC,30468.64,30571.18,30389.92,30445.39,41456,1411600996
02-08-2024,BTC,30258.5,30473.31,30183.92,30422.1,31986,1070700807
03-08-2024,BTC,29683.87,29963.06,29398.73,29823.61,17442,445983854
04-08-2024,BTC,30155.8,30526.24,29765.05,29922.69,21102,651387211
05-08-2024,BTC,30551.04,30680.2,30180.03,30612.82,21514,704495319
06-08-2024,BTC,28884.27,29197.82,28416.39,28950.16,35252,1170110783
07-08-2024,BTC,29585.72,29763.35,29195.96,29705.79,54664,1561084529
08-08-2024,BTC,29970.22,30349.7,29964.79,30224.69,75331,2471879925
09-08-2024,BTC,29814.53,30229.01,29631.15,29996.07,56994,1425933672
10-08-2024,BTC,28949.04,29164.24,28936.43,29019.82,80909,2120096763
11-08-2024,BTC,29187.25,29417.14,28822.87,29099.05,88580,2144680537
12-08-2024,BTC,29752.29,29772.46,29700.57,29770.08,55110,1439379671
13-08-2024,BTC,29569.72,29956.1,29258.16,29327.01,28745,742680570
14-08-2024,BTC,30836.47,31290.95,30606.21,31268.64,84047,2969689220
15-08-2024,BTC,29610.62,29710.13,29583.26,29681.66,49991,1452648427
16-08-2024,BTC,29173.47,29397.42,29133.86,29343.33,54781,1295615722
17-08-2024,BTC,30451.44,30485.71,30426.43,30478.73,46443,1162138924
18-08-2024,BTC,30486.55,30690.19,30405.78,30668.39,67183,2006132373
19-08-2024,BTC,30727.3,31037.69,30705.77,30869.01,44350,1120590914
20-08-2024,BTC,29289.02,29327.92,28840.58,29054.39,20792,615437859
21-08-2024,BTC,30116.76,30326.97,29836.88,29933.09,47320,1316683699
22-08-2024,BTC,29530.88,29910.41,29404.73,29420.67,80640,2449751366
23-08-2024,BTC,30836.57,31145.38,30757.61,30909.32,46295,1354273960
24-08-2024,BTC,30703.86,31069.57,30282.6,30721.49,48626,1247639482
25-08-2024,BTC,30387.51,30611.18,30146.21,30253.8,44810,1545645549
26-08-2024,BTC,28985.77,29427.12,28745.56,28858.78,40716,1003946132
27-08-2024,BTC,28985.33,29441.82,28618.36,28623.1,24908,801794419
28-08-2024,BTC,30076.78,30182.12,29989.11,30035.14,34084,1141358621
29-08-2024,BTC,30013.71,30504.64,29623.2,29989.97,88323,2976860618
30-08-2024,BTC,29497.86,29793.23,29203.19,29506.92,84759,2573562796
31-08-2024,BTC,30663.61,31157.89,30202.18,30299.21,39689,1219474318
01-09-2024,BTC,29954.72,30171.66,29869.93,29931.17,33336,1174672503
02-09-2024,BTC,30780.88,30875.36,30779.76,30837.08,25524,738418010
03-09-2024,BTC,30287.31,30776.13,29804.84,30411.79,31027,1127385536
04-09-2024,BTC,29611.33,29874.35,29244.93,29370.54,33759,1169795221
05-09-2024,BTC,29752.18,29950.92,29467.7,29736,87381,2477034245
06-09-2024,BTC,29097.91,29287.98,28652.76,28677.33,89117,2093708925
07-09-2024,BTC,30442.79,30876.73,29986.65,30201.16,67736,1766627303
08-09-2024,BTC,29047.12,29114.42,28989.4,29033.33,81596,2670251459
09-09-2024,BTC,30384.12,30451.52,30212.1,30426.91,97429,3262231096
10-09-2024,BTC,29837.49,30251.79,29738.74,30003.49,87754,2368362261
11-09-2024,BTC,29498.82,29919.88,29471.9,29802.5,37823,988482263
12-09-2024,BTC,29545.66,29730.18,29272.2,29540.1,14957,523361498
13-09-2024,BTC,29961.72,30372.33,29927.81,30199.23,92219,3114362208
14-09-2024,BTC,29932.33,30104.79,29631.33,30084.25,30242,744047552
15-09-2024,BTC,30646.55,30925.38,30456.18,30784.74,96230,3319979547
16-09-2024,BTC,30516.06,30668.48,30442.55,30489.35,90975,2657695253
17-09-2024,BTC,30510.2,30727.25,30382.97,30493,73275,2092803409
18-09-2024,BTC,29139.23,29603.19,28982.45,29114.63,50231,1223800748
19-09-2024,BTC,29005.69,29015.75,28779.85,28979.45,27402,829696161
20-09-2024,BTC,30199.66,30557.35,30003.52,30452.61,34937,1094868167
21-09-2024,BTC,29322.42,29819.95,29120.36,29370.81,28354,784812535
22-09-2024,BTC,30635.82,30671.94,30510.48,30666.7,18924,628283917
23-09-2024,BTC,30771.27,31233.23,30646.86,31185.9,19260,628801650
24-09-2024,BTC,29617.56,29802.65,29500.7,29620.2,15389,487765243
25-09-2024,BTC,30068.38,30267.62,30009.37,30022.69,20252,676046360
26-09-2024,BTC,29879.87,29909.6,29500.7,29612.34,17186,456184545
27-09-2024,BTC,30010.93,30328.12,29759.85,29957.48,79919,2077008571
28-09-2024,BTC,30371.27,30466.31,30208.17,30460.05,51258,1718184986
29-09-2024,BTC,28893.19,29129.98,28838.27,28985.9,60559,2074222390
30-09-2024,BTC,29458.57,29563.62,29156.95,29357.74,63547,1977074614
01-10-2024,BTC,29690.98,30067.6,29217.92,29477.85,15071,363482770
02-10-2024,BTC,29741.58,29904.31,29306.11,29734,25984,727662585
03-10-2024,BTC,30675.52,30770.92,30582.66,30626.62,80857,2957742218
04-10-2024,BTC,29952.69,29987.8,29526.32,29708.43,56567,1415200935
05-10-2024,BTC,30690.76,31071.14,30580.15,30867.22,72796,2548656123
06-10-2024,BTC,29021.82,29321.7,28933.87,29083.06,27409,884993379
07-10-2024,BTC,30179.88,30564.08,29847.14,30328.1,28663,798764790
08-10-2024,BTC,30435.24,30714.39,30367.81,30557.12,80279,1971608890
09-10-2024,BTC,29181.93,29678.28,28968.64,29235.4,48248,1325094477
10-10-2024,BTC,29928.32,30010.07,29733.39,29847.13,96412,2445174297
11-10-2024,BTC,29088.44,29361.03,28911.48,28917.91,56080,1482025245
12-10-2024,BTC,30011.11,30013.46,29770.74,29787.68,73053,2275556149
13-10-2024,BTC,30721.91,31194.62,30592.3,30952.23,66244,2436130908
14-10-2024,BTC,30120.28,30441.65,29883.65,30343.19,51855,1806672687
15-10-2024,BTC,30744.14,31039.2,30576.79,30920.77,64649,1633880649
16-10-2024,BTC,30264.21,30610.92,29789.94,30039.52,50422,1442660129
17-10-2024,BTC,29780.66,30210.92,29343.92,30074.04,35742,1125012876
18-10-2024,BTC,29565.59,30060.18,29509.76,29641.98,83080,2872724450
19-10-2024,BTC,30022.31,30031.48,29603.98,29936.58,84642,2493534772
20-10-2024,BTC,30318.46,30778.62,30067.54,30486.5,85895,2542819238
21-10-2024,BTC,30440.36,30819.23,29967.38,30199.69,26263,723885925
22-10-2024,BTC,29623.95,29684.19,29584.06,29648.78,90366,2989157492
23-10-2024,BTC,29832.05,30190.9,29510.66,29932.33,59621,2041993529
24-10-2024,BTC,29805.9,30062.04,29696.55,29764.49,36328,1282710450
25-10-2024,BTC,30064.7,30501.13,29584.12,29894.67,11048,307670387
26-10-2024,BTC,29815.78,30159.48,29337.58,30025.76,62251,1629834643
27-10-2024,BTC,29329.7,29523.55,29103.4,29200.4,16411,461574717
28-10-2024,BTC,28920.17,29262.56,28759.44,29192.06,80881,2264413617
29-10-2024,BTC,29600.55,29969.94,29592.63,29809.47,92942,2564443877
30-10-2024,BTC,30061.56,30079.61,29940.32,30058.95,60485,1632201613
31-10-2024,BTC,30764.95,31107.68,30458.64,30997.41,25564,839892777
01-11-2024,BTC,29482.05,29682.35,29403.43,29466.84,12292,291840541
02-11-2024,BTC,30515.64,30751.47,30409.8,30686.39,66380,2168362342
03-11-2024,BTC,29705.65,30132.8,29244.6,29998.18,93547,3220562915
04-11-2024,BTC,28902.63,29208.07,28699.39,28783.43,41801,1037318702
05-11-2024,BTC,30181.04,30464.09,30130.97,30440.26,30688,944567860
06-11-2024,BTC,29492.39,29660.52,29361.46,29461.49,28756,808408923
07-11-2024,BTC,30369.21,30556.65,30181.48,30331.95,35795,918175126
08-11-2024,BTC,29601.93,29908.9,29263.21,29839.76,26777,767737506
09-11-2024,BTC,29400.2,29758.85,29229.21,29702.65,15507,416080086
10-11-2024,BTC,30582.35,30772.11,30344.83,30480,21555,773922201
11-11-2024,BTC,30597.18,30726.19,30188.84,30456.91,55956,1406140999
12-11-2024,BTC,29780.69,29839.56,29748.86,29773.06,11763,340214286
13-11-2024,BTC,29370.09,29463.33,29060.73,29410.78,36042,1043485358
14-11-2024,BTC,29018.95,29220.08,28724.9,28820.96,22527,771038402
15-11-2024,BTC,30319.61,30619.54,29957.36,30563.52,42790,1547459126
16-11-2024,BTC,30724.23,30765.59,30473.9,30673.75,57560,1834136076
17-11-2024,BTC,29967.72,30403.54,29646.43,30174.61,79163,2501903499
18-11-2024,BTC,30094.76,30468.8,29998.66,30098.87,76136,1877931996
19-11-2024,BTC,29809.98,29892.17,29525.23,29883.39,77380,1893881856
20-11-2024,BTC,29795.91,29999.15,29782.73,29990.24,73867,2120351523
21-11-2024,BTC,30705.58,30733.28,30383.62,30727.59,74092,2346589552
22-11-2024,BTC,29888.75,30353.98,29677.24,30055.12,29646,769147626
23-11-2024,BTC,29247.56,29415.62,29201.74,29267.85,44665,1390841961
24-11-2024,BTC,29399.25,29642.35,29251.55,29629.62,41303,1151385293
25-11-2024,BTC,30791.08,30916.81,30332.37,30348.62,28041,734420031
26-11-2024,BTC,29870.55,30233.23,29582.5,30092.2,59031,2122068485
27-11-2024,BTC,30167.46,30551.65,29668.58,30190.3,54924,1451400450
28-11-2024,BTC,29882.16,30316.63,29701.42,29760.15,70028,2342701360
29-11-2024,BTC,29855.23,30140.42,29396.29,29533.25,81904,2671555763
30-11-2024,BTC,29787.46,29818.52,29358.25,29464.06,23116,563556377
01-12-2024,BTC,30473.13,30760.39,30009.18,30491.3,37525,1160947563
02-12-2024,BTC,30689.41,30873.11,30285.47,30841.77,23599,703206573
03-12-2024,BTC,30445.64,30762.94,30223.88,30637.89,25343,642260894
04-12-2024,BTC,29500.1,29604.78,29067.8,29089.92,73189,2219040958
05-12-2024,BTC,29255.58,29513.3,29176.52,29305.44,65100,1899947226
06-12-2024,BTC,30510.81,30520.17,30211.47,30329.95,68455,1693143608
07-12-2024,BTC,30209.42,30481.73,30199.64,30422.14,97173,3481722163
08-12-2024,BTC,29588.33,29817.08,29160.72,29725.88,75812,1863215335
09-12-2024,BTC,30759.32,30913.74,30743.28,30785.24,19879,582025700
10-12-2024,BTC,30407.73,30699.1,30330.19,30680.66,12273,341992690
11-12-2024,BTC,30859.55,31145.63,30666.76,30728.85,97834,3177292725
12-12-2024,BTC,29886.54,29989.74,29440.06,29535.32,14430,421520332
13-12-2024,BTC,28937.64,29256.81,28473.68,28543.79,86566,2218424901
14-12-2024,BTC,30678.33,30705.76,30546.1,30571.84,31348,1064272566
15-12-2024,BTC,29853.6,30027.05,29757.16,30000.27,27588,918750602
16-12-2024,BTC,30041.4,30161.71,29612.91,29719.47,96608,3099569997
17-12-2024,BTC,30077.93,30570.88,29755.61,29969.66,86811,2354422872
18-12-2024,BTC,29537.01,29959.33,29326.98,29408.18,51769,1620510680
19-12-2024,BTC,30668.63,30798.63,30502.02,30544.92,92522,2823196485
20-12-2024,BTC,30434.83,30609.71,29955.64,30510.21,38084,1349213180
21-12-2024,BTC,29993.86,30252.06,29711.78,29839.39,49194,1294797790
22-12-2024,BTC,29099.09,29594.66,28934.06,29132.49,92936,3066717955
23-12-2024,BTC,29760.17,29813.43,29349.02,29422.29,92664,2499893432
24-12-2024,BTC,29125,29517.72,28761.24,28769.14,68798,1924988100
25-12-2024,BTC,29997.72,30397.86,29501.83,29548.41,83515,2518880108
26-12-2024,BTC,30033.8,30237.71,29901.05,30093.04,55618,1361000964
27-12-2024,BTC,30160.23,30281.26,29744.99,29962.33,22290,586448471
28-12-2024,BTC,30023.39,30453.99,29692.41,29823.35,81149,2880823921
29-12-2024,BTC,29565.72,29580.7,29180.08,29539.39,85000,2638451144
30-12-2024,BTC,30668.64,31027.01,30443.98,30924.4,97659,3386162938
31-12-2024,BTC,29992.66,30484.93,29771.44,29797.88,65159,1591755004
01-01-2025,BTC,30195.23,30499.99,29851.52,29859.44,54347,1560301617
02-01-2025,BTC,30696.63,31053.23,30507.21,30818.24,64782,2277331259
03-01-2025,BTC,30303.1,30517.87,29886.84,30134.42,72707,2044783088
04-01-2025,BTC,29563.85,30055.8,29408.93,29945.13,19212,510243502
05-01-2025,BTC,30718.92,30916.49,30353.6,30881.26,32785,1168655201
06-01-2025,BTC,29290.2,29323.29,28841.79,28957.72,13910,351568102
07-01-2025,BTC,30324.72,30335.46,30050.41,30173.94,51892,1363888746
08-01-2025,BTC,30697.59,30865.99,30670.82,30691.6,42304,1179002577
09-01-2025,BTC,29265.71,29437.72,29015.84,29129.41,38148,1256169056
10-01-2025,BTC,29142.78,29227.69,28795.51,29167.06,96723,2717476664
11-01-2025,BTC,30006.06,30192.53,29902.31,29965.86,13468,428248363
12-01-2025,BTC,30595.63,30744.96,30491.37,30724.61,14142,400837924
13-01-2025,BTC,30687.07,30862.8,30679.64,30770.92,86468,2347406668
14-01-2025,BTC,29316.82,29626.56,29223.87,29401.07,50349,1723988492
15-01-2025,BTC,30276.66,30707.01,30142.26,30354.32,26102,755170690
16-01-2025,BTC,30204.99,30323.82,30035.99,30158.39,38407,1011235559
17-01-2025,BTC,30547.89,30890.65,30246.75,30716.72,58806,1495721228
18-01-2025,BTC,28911.84,29247.28,28769.37,28827.82,89517,2683229142
19-01-2025,BTC,29006.35,29313.92,28753.24,29119.19,86948,2302859540
20-01-2025,BTC,29510.05,29877.17,29246.58,29781.48,72459,2081427023
21-01-2025,BTC,29166.27,29577.26,29047.91,29246.93,80802,2492260990
22-01-2025,BTC,29613.37,29885.95,29286.36,29884.63,13151,402969712
23-01-2025,BTC,29291.28,29304.15,28795.4,29055.94,48832,1496561081
24-01-2025,BTC,29809.95,30035.43,29562.61,29849.63,88729,3089140917
25-01-2025,BTC,29154.22,29308.11,29045.85,29195.04,11526,320773139
26-01-2025,BTC,29214.95,29706.97,28790.91,29530.88,31652,915638178
27-01-2025,BTC,29218.99,29398.01,29218.74,29367.16,70624,1955249523
28-01-2025,BTC,29527.74,29621.69,29301.36,29565.35,42966,1396682645
29-01-2025,BTC,30485.86,30748.74,30199.83,30374.24,36002,874907212
30-01-2025,BTC,30436.32,30471.79,30348.53,30354.28,15741,521839920
31-01-2025,BTC,29073.69,29435.96,28883.89,29306.49,24115,599172839
01-02-2025,BTC,29770,30149.05,29458.44,29919.13,32603,1163206557
02-02-2025,BTC,29017.41,29150,28872.61,28893.87,39920,1366021721
03-02-2025,BTC,30733,30773.71,30730.35,30738.72,19102,494171963
04-02-2025,BTC,30734.81,31060.41,30485,30968.24,59033,2155317073
05-02-2025,BTC,29937.06,30435.34,29570.48,30434.64,52373,1465070847
06-02-2025,BTC,30148.95,30500.89,30077.21,30399.61,29044,748242553
07-02-2025,BTC,28861.52,29101.11,28596.26,28877.06,56765,1554702479
08-02-2025,BTC,29862.47,29919.9,29860.53,29895.69,84329,2333869415
09-02-2025,BTC,29427.51,29796.73,29106.31,29326.51,86812,2116682345
10-02-2025,BTC,29305.85,29381.94,28979.79,29131.47,38145,901723817
11-02-2025,BTC,30178.03,30463.07,30063.27,30095.74,18552,563950138
12-02-2025,BTC,30673.59,30911.88,30656.02,30807.45,74179,1897019765
13-02-2025,BTC,29221.22,29493.91,29163.38,29270.07,41277,1338468274
14-02-2025,BTC,29924.68,29990.3,29763.2,29896.26,15931,452275801
15-02-2025,BTC,29032.1,29175.29,28828.65,29010.33,36390,1066637099
16-02-2025,BTC,30085.84,30156.03,29725.86,29869.91,31436,804169602
17-02-2025,BTC,28941.16,29080.6,28807.14,28899.9,89867,3032711565
18-02-2025,BTC,30146.78,30516.53,30110.23,30504.23,51189,1272554607
19-02-2025,BTC,29320.04,29359.23,29242.67,29246.01,75308,2021744461
20-02-2025,BTC,29745.38,29934.52,29679.29,29842.33,62366,1627130560
21-02-2025,BTC,29584.95,29899.42,29149.11,29230.39,44298,1514319777
22-02-2025,BTC,29363.84,29630.03,28869.58,29571.73,31923,990815101
23-02-2025,BTC,30766.71,30811.42,30296.82,30687.35,67360,2460477238
24-02-2025,BTC,30474.09,30674.45,30314.08,30458.6,15995,412986087
25-02-2025,BTC,29990.87,30396.52,29607.66,30028.64,21815,595938382
26-02-2025,BTC,29685.81,30051.39,29607.5,29837.37,92204,2737329985
27-02-2025,BTC,29276.59,29361.33,29047.52,29084.54,64609,1921811842
28-02-2025,BTC,30557.56,30645.83,30150.46,30503.36,87403,2880259581
01-03-2025,BTC,30304.1,30644.77,29875.72,30208,82504,2190974495
02-03-2025,BTC,30244.53,30459.81,29785.32,30114.73,80785,2705133702
03-03-2025,BTC,30086.51,30362.95,30073.01,30182.23,46010,1333661061
04-03-2025,BTC,29036.53,29457.32,28601.64,29266.97,99756,2591640880
05-03-2025,BTC,29207.3,29375.03,28943.37,29001.23,38833,1003264849
06-03-2025,BTC,29498.31,29547.46,29167.22,29413.7,39701,1010505946
07-03-2025,BTC,29012.62,29237.73,28792.2,28879.45,54467,1668935153
08-03-2025,BTC,30715.57,30800.16,30418.56,30490.9,31603,880262175
09-03-2025,BTC,30570.19,30773.91,30512.81,30542.11,24857,898036746
10-03-2025,BTC,30235.55,30618.96,29951.62,30149.18,65033,2001256657
11-03-2025,BTC,30549.11,30763.41,30507.62,30751.15,88934,2365280312
12-03-2025,BTC,29306.53,29662.96,29180.85,29501.12,86433,2945702680
13-03-2025,BTC,30590.21,31023.54,30150.83,30154.5,21914,689705378
14-03-2025,BTC,29520.03,29615.21,29467.09,29599.65,94049,2397848321
15-03-2025,BTC,29488.51,29843.62,29396.49,29762.81,71492,2318380350
16-03-2025,BTC,29378.81,29808.75,28978.82,29108.49,55772,1387904937
17-03-2025,BTC,29820.78,30138.63,29403.08,29455.4,89396,2332013509
18-03-2025,BTC,30019.61,30194.98,29907.96,30069.69,95594,3011525670
19-03-2025,BTC,29792.46,29949.23,29756.82,29785.86,73197,2613026146
20-03-2025,BTC,30119.75,30142.32,29978.08,30064.2,82913,2923848525
21-03-2025,BTC,29359.48,29367.27,28867.39,28967.61,53870,1741290093
22-03-2025,BTC,30580.8,30654.1,30195.46,30334.37,86275,2531444002
23-03-2025,BTC,29306.22,29371.68,28855.61,29328.49,64584,1906453313
24-03-2025,BTC,30405.77,30741.04,29916.63,30163.85,64303,2326257006
25-03-2025,BTC,30124.93,30495,30060.26,30375.54,56748,2002573710
26-03-2025,BTC,30714.23,30899.26,30611.81,30636.57,76830,2127662111
27-03-2025,BTC,29438.76,29720.86,29167.9,29583.29,19102,674076227
28-03-2025,BTC,29427.85,29878.02,29198.25,29547.99,93581,2751163134
29-03-2025,BTC,29094.73,29267.24,28631.13,28849.54,22925,745935237
30-03-2025,BTC,29005.32,29288.51,28947.68,29113.19,24718,750155953
31-03-2025,BTC,28924.85,29407.04,28483.59,29231.42,83937,2399280184
01-04-2025,BTC,29998.92,30314.02,29925.68,29991.38,70963,2085464488
02-04-2025,BTC,29042.24,29258.11,28656.06,29003.14,82846,2524917862
03-04-2025,BTC,30473.9,30688.34,30258.18,30337.08,90120,3122455257
04-04-2025,BTC,30788.1,30927.48,30456.76,30558.69,49861,1299017803
05-04-2025,BTC,29210.6,29240.85,29091.42,29102.92,17634,603378771
06-04-2025,BTC,30649.87,30803.1,30264.41,30536.54,36938,1292787309
07-04-2025,BTC,29286.34,29660.72,29221.92,29245.83,66207,1650352840
08-04-2025,BTC,29471.93,29746.95,29095.39,29405.58,39541,988272921
09-04-2025,BTC,29410.73,29661.56,29028.9,29317.81,27373,671492970
10-04-2025,BTC,29869.43,30052.67,29605.2,29803.99,84773,2868248700
11-04-2025,BTC,30062.7,30100.64,29634.36,29937.55,10298,300893183
12-04-2025,BTC,29713.06,29851.78,29652.07,29825.04,52883,1300082314
13-04-2025,BTC,29654.73,29904.66,29387.05,29691.71,25523,681324830
14-04-2025,BTC,30276.04,30591.31,29917.61,30129.92,34970,985931193
15-04-2025,BTC,29358.79,29580.9,28991.44,29580.36,75331,2074194962
16-04-2025,BTC,30579.88,31078.55,30501.9,30663.67,15393,433400240
17-04-2025,BTC,30098.1,30166.14,29810.21,29912.53,36753,956873740
18-04-2025,BTC,29214.16,29450.04,28815.97,28916.28,61467,1481567900
19-04-2025,BTC,28928.57,29140.43,28825.37,28970.55,23803,685272314
20-04-2025,BTC,29851.42,29883.93,29595.54,29643.78,15540,545910807
21-04-2025,BTC,30798.58,30824.61,30693.72,30761.58,74446,2590076411
22-04-2025,BTC,29852.59,30201.56,29640.89,29954.46,12025,412991839
23-04-2025,BTC,30225.71,30680.24,29969.64,30366.75,91678,2489814410
24-04-2025,BTC,30596.33,30907.35,30343.93,30746.54,95329,3329701646
25-04-2025,BTC,30224.75,30704.09,30050.46,30702.88,73994,2536813781
26-04-2025,BTC,30211.52,30407.35,29813.32,30179.63,20725,666517798
27-04-2025,BTC,29057.68,29191.88,28673.32,28723.5,45503,1181795877
28-04-2025,BTC,30043.84,30352.5,30033.57,30188.91,69219,1859246449
29-04-2025,BTC,28957.9,28970.87,28815.19,28826.06,42498,1397405057
30-04-2025,BTC,28865.11,28943.49,28370.63,28496.59,47678,1430495365
01-05-2025,BTC,29375.13,29728.2,28938.23,28997.02,39142,1069187918
02-05-2025,BTC,30222.06,30700.81,29815.4,30567.97,28283,786361833
03-05-2025,BTC,29292.04,29627.46,28878.79,29358.05,68197,2115442709
04-05-2025,BTC,30698.4,31121.29,30695.18,31098.25,80511,2678145106
05-05-2025,BTC,30774.25,30868.94,30615.02,30735.24,21109,661440466
06-05-2025,BTC,29217.27,29520.61,29065.41,29346.75,46255,1144818736
07-05-2025,BTC,29136.21,29598.27,28783.84,29336.34,32006,1104002919
08-05-2025,BTC,30381.44,30650.07,30336.97,30548.18,16115,503706545
09-05-2025,BTC,30280.95,30396.15,30103.87,30394.31,92214,3083561864
10-05-2025,BTC,29240.56,29323.2,28806.14,28925.34,14187,397955792
11-05-2025,BTC,29782.9,30231.25,29689.41,29966.15,91322,2789883961
12-05-2025,BTC,30393.69,30459.92,30307.27,30351.36,25941,813363505
13-05-2025,BTC,29136.82,29248.99,28866.71,29228.01,62508,1946210648
14-05-2025,BTC,30625.09,30963.67,30152.53,30426.18,60672,1755263313
15-05-2025,BTC,29170.2,29468.42,28939.46,29023.12,32062,1031425642
16-05-2025,BTC,29645.32,29648.61,29195.71,29543.18,17150,521513655
17-05-2025,BTC,29736.56,30054.58,29538.53,30025.43,26875,831489975
18-05-2025,BTC,30743.52,31076.23,30644.39,31005.32,31205,1062394647
19-05-2025,BTC,29133.7,29624.79,29022.12,29109.18,22184,680666996
20-05-2025,BTC,29109.63,29571.65,28702.71,28925.46,48547,1497034445
21-05-2025,BTC,29190.4,29678.39,28869.8,29207.71,35028,1123865525
22-05-2025,BTC,30644.41,31096.58,30238.72,30485.29,16620,432534236
23-05-2025,BTC,29770.27,30227.7,29476.62,30017.39,36638,1172828163
24-05-2025,BTC,30304.88,30378.01,30292.98,30306.8,80775,2246568163
25-05-2025,BTC,29483.1,29635.5,29277.71,29406.63,68656,1949810910
26-05-2025,BTC,29585.04,29737.3,29345.09,29576.27,34329,1085950718
27-05-2024,ETH,44689.3,44805.33,44597.18,44685.16,31060,1469040873
28-05-2024,ETH,45440.92,45628.33,45177.85,45313.93,76894,4156186318
29-05-2024,ETH,45657.25,45910.81,45363.86,45446.09,76025,3055118475
30-05-2024,ETH,44373.4,44614.42,43915.45,44363.93,17232,900776622
31-05-2024,ETH,45969.99,46276.99,45932.71,46161.93,41006,1990971975
01-06-2024,ETH,45827.8,46022.97,45556.12,45732.53,12026,632805759
02-06-2024,ETH,44125.18,44227.06,44017.8,44174.67,50819,2219851317
03-06-2024,ETH,44169.93,44226.54,43880.8,43995.94,72635,3296942809
04-06-2024,ETH,44678.83,44782.39,44376.26,44553.4,59485,2230279392
05-06-2024,ETH,45867.53,45944.26,45380.16,45937.31,74337,3740256034
06-06-2024,ETH,45806.84,46247.79,45498.41,46069.87,70022,2994643436
07-06-2024,ETH,44568.61,44786.67,44450.53,44479.58,66911,3115898167
08-06-2024,ETH,44245.37,44345.16,43953.09,44256.46,57910,2906672964
09-06-2024,ETH,44179.02,44473.81,44072.13,44363.8,38197,1979380564
10-06-2024,ETH,45133.74,45463.05,44817.38,45333.14,36495,1922399627
11-06-2024,ETH,44758.31,44919.29,44619.81,44809.03,27733,1013014701
12-06-2024,ETH,45407.83,45563.96,45024.27,45406.09,99085,4753903689
13-06-2024,ETH,44110.05,44439.76,43882.5,44336.63,39768,1938845956
14-06-2024,ETH,45002.14,45400.03,44651.3,45100.96,29026,1509554072
15-06-2024,ETH,45690.75,46134.52,45624.13,45981.43,90715,4427917419
16-06-2024,ETH,45480.12,45832.66,45156.45,45532.73,42097,1635503279
17-06-2024,ETH,44845.62,44982.13,44616.72,44762.82,63448,3210877120
18-06-2024,ETH,45788.53,46254.04,45522.83,45771.95,71555,3096197809
19-06-2024,ETH,44974.49,44988.34,44751.21,44784.78,93605,4203866325
20-06-2024,ETH,45038.49,45236.29,44925,44960.75,69751,3478311370
21-06-2024,ETH,44167.19,44622.85,43788.84,43801.26,82970,4343711999
22-06-2024,ETH,45713,46155.99,45229.96,45254.07,51000,2114592373
23-06-2024,ETH,44190.39,44283.47,43720.82,44202.09,69301,2808991086
24-06-2024,ETH,44820.83,45182.72,44614.84,44662.87,51064,2320995183
25-06-2024,ETH,45838.49,45951.62,45757.92,45853.23,28225,1213006273
26-06-2024,ETH,45135.83,45551.95,44740.54,45414.94,97690,5007907288
27-06-2024,ETH,44851.08,45213.17,44506.25,44772.85,68432,2973322631
28-06-2024,ETH,45726.03,45814.68,45526.67,45570.99,74855,3627185913
29-06-2024,ETH,44091.29,44113.74,43886.74,43978.87,14141,509774915
30-06-2024,ETH,44687.33,44783.1,44509.61,44525.88,41197,2053024177
01-07-2024,ETH,45475.48,45672.65,45451.69,45583.91,45154,2443861193
02-07-2024,ETH,44379.01,44595.25,43959.93,44518.28,70547,2709328070
03-07-2024,ETH,44934.75,44935.16,44450.79,44654.98,60337,2666419035
04-07-2024,ETH,44478.14,44500.93,44271.87,44484.11,97993,4670296217
05-07-2024,ETH,44269.08,44623.08,44134.22,44485.53,96252,4201148622
06-07-2024,ETH,45054.69,45236.87,44812.41,44918.81,93943,3927657790
07-07-2024,ETH,44070.51,44128.45,43944.27,44122.09,33827,1428785828
08-07-2024,ETH,45281.79,45445.52,45177.17,45368.63,66198,2747691806
09-07-2024,ETH,45205.54,45686.86,44824.49,45064.86,22241,1118424232
10-07-2024,ETH,45388.72,45810.71,45334.05,45670.62,48084,2005588210
11-07-2024,ETH,45707.63,46006.94,45681.97,45959.92,94561,3626759622
12-07-2024,ETH,44543.95,44696.26,44057.73,44487.47,68711,3254478914
13-07-2024,ETH,44522.86,44861.8,44312.68,44437.4,96099,3974352293
14-07-2024,ETH,45762.83,46014.08,45326.31,45450.38,21857,801690223
15-07-2024,ETH,45023.5,45415.26,44936.69,45400.35,91975,3712656458
16-07-2024,ETH,44698.54,45073.35,44619.49,44803.77,99911,4928079726
17-07-2024,ETH,44885.83,45061.27,44492.53,44910.15,73858,3614933936
18-07-2024,ETH,45169.25,45331.8,45156.02,45255.48,11315,497030847
19-07-2024,ETH,45468.92,45890.43,45453.08,45550.34,76287,4027078748
20-07-2024,ETH,45237.37,45349.09,44768.77,45229.72,45835,2181598062
21-07-2024,ETH,44232.22,44454.37,44099.86,44279.96,36284,1732162375
22-07-2024,ETH,44321.46,44336.04,43984.78,44081.98,94034,3433872064
23-07-2024,ETH,44152.65,44489.99,43696,44161.1,17610,682092103
24-07-2024,ETH,44262.94,44599.08,43921.97,44116.32,31995,1297933044
25-07-2024,ETH,45832.42,45956.27,45773.65,45826.38,66419,3163161984
26-07-2024,ETH,45903.06,46143.17,45679.35,45869.9,57974,2694073060
27-07-2024,ETH,45800.75,46148.83,45683.52,45835.06,70563,3851169667
28-07-2024,ETH,44651.79,44804.73,44226.36,44793.85,84434,3903419320
29-07-2024,ETH,45168.62,45589.46,44852.05,45548.33,61831,2363276117
30-07-2024,ETH,45402.12,45755.77,45119.84,45315.34,72377,3243089851
31-07-2024,ETH,44115.96,44262.31,43726.79,44033.16,74651,2937900112
01-08-2024,ETH,45896.41,45941.96,45802.82,45859.35,70740,3766792498
02-08-2024,ETH,44153.58,44411.72,44028.64,44059.17,57602,2499683650
03-08-2024,ETH,45332.8,45358.5,45262.31,45341.82,25073,963497527
04-08-2024,ETH,44636.64,44859.55,44535.49,44550.07,72092,2898553354
05-08-2024,ETH,45713.87,46134.75,45636.5,45762.66,16720,675426797
06-08-2024,ETH,45074.57,45188.15,44809.53,45062.99,33886,1686583187
07-08-2024,ETH,45907.02,46091.85,45627.95,45835.67,43617,1789797118
08-08-2024,ETH,44151.71,44197.82,43885.49,44037.51,92506,3889868662
09-08-2024,ETH,44654.89,44958.46,44555.27,44691.97,69393,3682832541
10-08-2024,ETH,44810.98,44824.36,44633.06,44684.27,40421,1910889217
11-08-2024,ETH,45704.02,45786.68,45297.01,45616.81,30104,1352382031
12-08-2024,ETH,45698.79,45813.61,45302.17,45384.79,91508,4456033278
13-08-2024,ETH,45681.91,45716.28,45510.49,45519.67,32007,1346688516
14-08-2024,ETH,45914.54,46321.84,45674.92,45875.04,38002,2008818753
15-08-2024,ETH,46023.56,46167.99,45815.92,45950,62352,2532286164
16-08-2024,ETH,44644.4,44811.89,44614.78,44728.56,25630,1265811347
17-08-2024,ETH,45959.77,46060.53,45518.83,45781.38,18657,708022712
18-08-2024,ETH,44093.13,44303.17,43801.93,44165.04,58015,2791591239
19-08-2024,ETH,45422.23,45427.8,45020.92,45078.87,55483,2404286898
20-08-2024,ETH,45706.03,46051.43,45597.92,45730.94,68834,2528362472
21-08-2024,ETH,45019.39,45499.35,44872.42,45190.04,98373,4721805647
22-08-2024,ETH,44176.6,44329.28,43976.45,44297.05,14954,632223419
23-08-2024,ETH,45797.49,46037.87,45465.28,45532.34,53392,2129180632
24-08-2024,ETH,46033.45,46085.9,45574.43,45918.21,85344,4424952183
25-08-2024,ETH,45130.15,45575.63,44757.58,45185.08,83839,3645119025
26-08-2024,ETH,45099.59,45542.81,44964.65,45080.52,95877,4516903066
27-08-2024,ETH,45246.91,45587.88,44958.89,45332.19,55449,2125366168
28-08-2024,ETH,45736.59,46117.27,45314.31,46081.81,57373,2402595518
29-08-2024,ETH,44823.36,44908.96,44360.33,44764.39,40620,1759631588
30-08-2024,ETH,45551.96,45761.96,45462.88,45624.72,35060,1493815439
31-08-2024,ETH,44439.23,44586.07,44405.1,44429.31,44607,2116323467
01-09-2024,ETH,45992.05,46085.48,45576.69,45612.77,74410,3223875707
02-09-2024,ETH,45666.7,45971.15,45426.4,45814.92,67515,3311986380
03-09-2024,ETH,44996.03,45091.91,44591.92,44887.33,85451,4016048113
04-09-2024,ETH,45172.98,45542.14,45080.53,45096.9,44128,1919364521
05-09-2024,ETH,44195.28,44277.3,44043.34,44070.84,73801,2867593660
06-09-2024,ETH,44212.11,44534.69,43801.51,44443.74,49865,2592926783
07-09-2024,ETH,44882.44,45059.17,44687.44,44861.91,48184,1902936867
08-09-2024,ETH,44813.21,45264.22,44778.43,45233.29,83111,3252767265
09-09-2024,ETH,45764.45,46098.34,45745.22,45961.65,71474,2930339192
10-09-2024,ETH,44493.1,44918.69,44052.1,44528.43,65148,2668171208
11-09-2024,ETH,45352.24,45674.25,44967.87,45077.54,94947,4805634312
12-09-2024,ETH,44963.74,45098.2,44673.36,44802.88,86605,4594567493
13-09-2024,ETH,44601.08,45003.99,44597.55,44865.28,47826,2500082830
14-09-2024,ETH,44144.48,44585.4,44042.92,44189.35,10256,390070353
15-09-2024,ETH,44514.08,44959.39,44096.01,44154.72,49797,1963675933
16-09-2024,ETH,45653.27,45995.49,45515.94,45940.24,42565,2276094766
17-09-2024,ETH,44280.13,44737.7,44063.82,44128.14,82667,4220559936
18-09-2024,ETH,44219.59,44648.76,43858,44630.09,51402,2471340840
19-09-2024,ETH,45295.49,45364.22,45228.05,45285.82,83549,3434812860
20-09-2024,ETH,44727.04,44734.94,44487.75,44556.19,27344,1337131673
21-09-2024,ETH,45717.92,46080.84,45308.04,46069.33,17793,970050314
22-09-2024,ETH,44467.61,44773.94,44081.63,44768.83,75845,3626109154
23-09-2024,ETH,44855.94,44874.81,44775.1,44840.02,48652,2447860472
24-09-2024,ETH,44739.1,44839.3,44508.92,44531.35,33174,1240854741
25-09-2024,ETH,45124.16,45412.8,44854.4,44899.52,93178,3547811419
26-09-2024,ETH,44224.48,44588.29,43997.24,44133.89,73193,3061482629
27-09-2024,ETH,44953.63,45231.6,44810.04,44898.78,74139,3422911830
28-09-2024,ETH,45715.95,46094.11,45229.75,45745.9,35709,1682909140
29-09-2024,ETH,44696.83,44820.27,44339.42,44767.29,35551,1798425397
30-09-2024,ETH,44670.43,44838.44,44325.38,44700.86,19919,949987240
01-10-2024,ETH,45023.03,45393.6,44896.62,44976.12,25981,1330293120
02-10-2024,ETH,45971.88,46069.41,45490.66,45568.83,53645,2410607411
03-10-2024,ETH,45082.61,45289.69,44815.53,44966.6,28047,1257378284
04-10-2024,ETH,44484.02,44717,44441.23,44700.57,34851,1454531590
05-10-2024,ETH,45078.81,45197.8,44718.58,45051.74,44452,2034876080
06-10-2024,ETH,44810.77,45224.06,44672.88,45158.41,90085,4335836853
07-10-2024,ETH,45381.68,45709.93,45054.47,45112.96,88423,3619591968
08-10-2024,ETH,45815.46,46034.66,45328.8,45520.1,20959,799905238
09-10-2024,ETH,46028.84,46098.38,45553.32,45915.46,75415,3018806786
10-10-2024,ETH,45400.09,45578.78,45102.32,45279.02,16525,882996238
11-10-2024,ETH,44571.88,44675.27,44074.01,44564.2,79629,3238134034
12-10-2024,ETH,45123.19,45470.21,45116.98,45267.45,67479,2952013701
13-10-2024,ETH,44622.8,44654.49,44497.5,44578.69,33978,1661817450
14-10-2024,ETH,45449.04,45797.6,45369.24,45454.92,67671,2987903618
15-10-2024,ETH,45282.81,45710.7,45158.56,45300.11,24993,1089263366
16-10-2024,ETH,45582.25,45642.66,45374.38,45381.83,23922,1204597664
17-10-2024,ETH,44973.49,45398.96,44837.95,44903.45,12564,607256703
18-10-2024,ETH,45074.08,45518.37,44688.51,45313.74,36421,1707371696
19-10-2024,ETH,44332.05,44690.99,44208.36,44531.58,14793,713152278
20-10-2024,ETH,44223.68,44478.96,44102.89,44276.58,41028,1883819031
21-10-2024,ETH,45705.51,45707.04,45373.11,45538.32,31608,1595272721
22-10-2024,ETH,45020.11,45101.5,44777.68,44985.99,23301,1248123347
23-10-2024,ETH,45864.09,46168.94,45740.35,46062.48,94817,5007345881
24-10-2024,ETH,45516.27,45865.94,45444.07,45761.12,68659,3439779901
25-10-2024,ETH,44525.01,44710.56,44499.45,44681.7,79738,4218080944
26-10-2024,ETH,44233.93,44605.35,43805.58,44555.01,12490,602679790
27-10-2024,ETH,45121.03,45209.72,45101.98,45176.26,91448,4777093281
28-10-2024,ETH,44739.91,44815.95,44419.93,44619.14,78059,2799185808
29-10-2024,ETH,44720.13,45098.53,44577.87,44635.88,62307,3176249687
30-10-2024,ETH,44596.08,44766.72,44233.78,44265.36,94797,4765546342
31-10-2024,ETH,44324.22,44805.86,44136.79,44744.79,45670,2191591480
01-11-2024,ETH,44932.1,45282.23,44438.73,44522.01,36324,1907849161
02-11-2024,ETH,44206.78,44325.55,44112.96,44141.43,59190,2776342331
03-11-2024,ETH,45058.88,45081.47,44809.18,44878.02,90931,3525240673
04-11-2024,ETH,44899.93,45021.2,44473.01,44961.95,73460,3156623296
05-11-2024,ETH,45625.47,46090.75,45344.96,46010.65,15913,794250608
06-11-2024,ETH,44207.61,44465.13,44199.49,44372.67,70770,3025529059
07-11-2024,ETH,45168.37,45387.26,44798.63,44903.51,46851,1787788657
08-11-2024,ETH,44728.18,45175.07,44507.23,44654.63,88067,3173925890
09-11-2024,ETH,44105.59,44570.09,44033.21,44343.5,17113,627238541
10-11-2024,ETH,45417.13,45887.08,45245.22,45495.62,31581,1480736975
11-11-2024,ETH,45102.41,45414.57,44787.06,45107.9,87408,4628256597
12-11-2024,ETH,45294.21,45515.32,45248.67,45384.4,87506,3767876964
13-11-2024,ETH,44083.78,44305.53,43836.84,43960.08,84421,3855971879
14-11-2024,ETH,45212.89,45312.22,44738.06,44861.49,40774,1880417271
15-11-2024,ETH,45689.24,45937.95,45568.17,45767.83,66967,3196039087
16-11-2024,ETH,44612.39,44674.53,44470.07,44551.81,62654,2799209979
17-11-2024,ETH,44662.81,45099.64,44401.82,44579.15,71430,3220097217
18-11-2024,ETH,45251.06,45570.34,44774.16,45500.67,68957,2962559174
19-11-2024,ETH,44745.21,44921.36,44608.89,44691.88,85623,3154387410
20-11-2024,ETH,44745.12,44982.87,44467.22,44902.44,99629,4680727431
21-11-2024,ETH,45006.1,45452.12,44523.44,44765.95,83760,4198942124
22-11-2024,ETH,45669.53,46157.25,45399.84,45885.77,72631,3271256791
23-11-2024,ETH,45208.07,45233.79,45126.38,45161.01,65811,3454250373
24-11-2024,ETH,44836.78,45133.87,44382.79,45077.51,10331,519491824
25-11-2024,ETH,45561.66,45610.66,45127.8,45504.33,78403,4045176456
26-11-2024,ETH,45059.5,45517.79,45004.87,45494.47,37549,2033247639
27-11-2024,ETH,45674.96,46033.75,45300.06,45317.44,99186,4083477833
28-11-2024,ETH,45471.74,45754.44,45180.8,45359.89,99131,4679465638
29-11-2024,ETH,44159.83,44559.07,43763.28,43767.08,91247,3333451758
30-11-2024,ETH,44850.44,45059.86,44533.62,44788.98,30997,1540646532
01-12-2024,ETH,45831.17,46217.31,45365.07,46134.48,46364,1744840922
02-12-2024,ETH,44560.67,44647.44,44521.19,44555.17,31409,1625101613
03-12-2024,ETH,44141.35,44266.79,43705.54,43743.75,13241,636169774
04-12-2024,ETH,44602.28,45032.66,44266.09,44599.47,68084,2779783439
05-12-2024,ETH,45361.37,45476.82,44951.1,45416.53,30773,1484422544
06-12-2024,ETH,45662.43,45958.54,45486.74,45923.48,50337,2464128521
07-12-2024,ETH,44958.44,45304.77,44629.97,44674.69,30737,1529653754
08-12-2024,ETH,44971.1,45405.13,44637.19,44722.66,22732,817037255
09-12-2024,ETH,45383.98,45621.97,44903.77,45350.6,71082,3049869683
10-12-2024,ETH,44320.8,44336.85,44204.56,44317.03,88527,4454396669
11-12-2024,ETH,45362.17,45675.13,45121.47,45622.13,85496,3689993319
12-12-2024,ETH,44947.81,45104.2,44559.66,44754.51,34891,1665324291
13-12-2024,ETH,45514.26,45840.48,45443.71,45790.46,91503,3715390903
14-12-2024,ETH,44721.91,45132.63,44604.78,45098.37,62653,2758634911
15-12-2024,ETH,45959.53,46427.25,45739.88,45831.14,27084,1456253661
16-12-2024,ETH,44145.03,44485.8,43781.95,44221.52,95970,4156419833
17-12-2024,ETH,44819.34,45284.44,44723.18,44786.16,30784,1529444482
18-12-2024,ETH,44167.96,44657.95,43676.9,43795.02,19512,945466904
19-12-2024,ETH,45808.07,45866.69,45763.5,45836.43,56933,2711925455
20-12-2024,ETH,44134.84,44228.07,44061.96,44199.81,91065,4328458060
21-12-2024,ETH,45335.79,45773.97,45322.07,45558.61,26129,989033523
22-12-2024,ETH,44206.32,44471.39,43849.33,44097.42,32831,1466930465
23-12-2024,ETH,46022.18,46039.28,45691.47,45911.8,36543,1449411937
24-12-2024,ETH,44180.06,44193.58,43849.12,44169.11,85913,3168896233
25-12-2024,ETH,44811.89,45042.71,44644.63,44660.28,36056,1332431315
26-12-2024,ETH,45849.66,46295.77,45591.12,45783.5,41857,2280144670
27-12-2024,ETH,44457.87,44728.88,44442.75,44727.1,50213,1956679814
28-12-2024,ETH,45515.86,46009.59,45034.63,45148.64,96184,4992333169
29-12-2024,ETH,46015.43,46257.22,45764.41,45942.22,40093,1781441273
30-12-2024,ETH,44226.43,44444.45,44195.59,44200.88,35626,1684179399
31-12-2024,ETH,44956.76,45162.2,44475.86,44816.23,22763,968586808
01-01-2025,ETH,45116.24,45327.26,45045.43,45192.79,18156,798784485
02-01-2025,ETH,44959.13,45280.77,44471.83,44532.43,40742,1995400480
03-01-2025,ETH,45841.16,45997.11,45743.46,45953.94,94486,4680739248
04-01-2025,ETH,46008.86,46151.9,45517.97,46102.03,60275,2928563153
05-01-2025,ETH,45746.98,46164.09,45307.96,45555.41,35843,1727387588
06-01-2025,ETH,44220.99,44694.17,44042.47,44257.51,17584,772403685
07-01-2025,ETH,46049.45,46454.8,46023.41,46244.91,76409,3651810903
08-01-2025,ETH,44918.69,45303.05,44589.92,44807.33,32560,1448318566
09-01-2025,ETH,44169.23,44629.76,43816.32,43903.95,82039,3486305096
10-01-2025,ETH,45930.07,46392.41,45577.23,46169.49,18544,1026924025
11-01-2025,ETH,44258.02,44549.32,43948.14,44006.32,18377,969269717
12-01-2025,ETH,44177.55,44427.69,44163.47,44304.73,62789,2758362690
13-01-2025,ETH,45439.52,45514.82,45419.9,45469.41,69277,3730644727
14-01-2025,ETH,44555.48,44617.25,44199.48,44516.26,56950,2774335109
15-01-2025,ETH,44760.96,45155.94,44544.91,44616.5,95490,4169266646
16-01-2025,ETH,44959.6,45329.27,44615.57,45135.12,54754,2323426819
17-01-2025,ETH,45729.49,46033.89,45454.9,45595.17,76383,3857494527
18-01-2025,ETH,45620.09,46009.03,45610.93,45994.3,86789,3235696363
19-01-2025,ETH,45277.09,45389.14,44828.5,45097.49,35414,1371762083
20-01-2025,ETH,45545.23,45905.95,45164.58,45234.11,22274,894138089
21-01-2025,ETH,45845.6,46222.99,45814.9,45939.1,87289,4444185182
22-01-2025,ETH,44744.39,44954.67,44310.43,44458,43962,2323403146
23-01-2025,ETH,44855.07,45199.18,44662.72,45146.82,32774,1640909251
24-01-2025,ETH,45227.61,45588.27,45112.51,45390.24,19003,716008699
25-01-2025,ETH,44904.83,44916.94,44464.1,44553.84,39138,1755508515
26-01-2025,ETH,45630.62,46052.94,45478.44,45752.86,71671,3355435791
27-01-2025,ETH,44699.66,45188.88,44282.05,44804.7,38488,1678435671
28-01-2025,ETH,44276.82,44410.32,44058.75,44288.79,43817,1660428397
29-01-2025,ETH,44347.28,44833.07,44115.46,44405.07,19512,997977556
30-01-2025,ETH,44282.82,44705.61,44144.81,44316.05,79551,4096225847
31-01-2025,ETH,44738.3,45181.08,44501.29,44673.97,28249,1074397069
01-02-2025,ETH,45491.67,45728.76,45206.11,45305.19,27047,1455204350
02-02-2025,ETH,45525.12,46000.76,45356.04,45523.1,33137,1630814444
03-02-2025,ETH,44697.36,45075.41,44366.12,44512.82,76941,3712621508
04-02-2025,ETH,45965.55,46357.65,45773.28,45865.56,45753,2427542882
05-02-2025,ETH,45923.85,46162.17,45578.31,45600.52,74189,3329832499
06-02-2025,ETH,44878.28,45016.93,44501.24,45007.41,44710,2278982873
07-02-2025,ETH,44790.92,44961.29,44306.56,44376.77,87606,3515413989
08-02-2025,ETH,45035.12,45502.14,44788.1,45398.42,36702,1589539088
09-02-2025,ETH,44532.44,44997.81,44389.67,44410.48,69585,3341717703
10-02-2025,ETH,45188.34,45456.8,45038.3,45260.57,51322,2102778126
11-02-2025,ETH,45955.26,46424.98,45569.91,45941.35,62951,2367715373
12-02-2025,ETH,45679.81,45965.07,45183.87,45533.73,23841,1214537622
13-02-2025,ETH,44750.91,45052.38,44485.2,44732.9,59346,2993393425
14-02-2025,ETH,44291.81,44432.49,44209.8,44405.36,24389,946825545
15-02-2025,ETH,44975.09,45323.36,44650.96,45176.26,89884,4361742880
16-02-2025,ETH,44985.57,44989.72,44733.23,44854.33,16896,650371533
17-02-2025,ETH,45489.14,45987.61,45396.25,45663.29,17135,803797945
18-02-2025,ETH,45877.94,45915.01,45690.09,45726.19,34411,1306576286
19-02-2025,ETH,44594.86,44704.11,44526.5,44584.15,55616,2336507486
20-02-2025,ETH,44936.86,45247.1,44899.53,44956.37,11922,489253282
21-02-2025,ETH,44332.91,44481.4,44189.24,44293.22,45562,2105890079
22-02-2025,ETH,44462.92,44920.33,44133.96,44165.19,50527,2411954303
23-02-2025,ETH,44166.21,44569.31,43986.3,44413.42,35841,1529863588
24-02-2025,ETH,44495.12,44587.13,44158.84,44489.54,36506,1737137540
25-02-2025,ETH,44655.53,44846.35,44425.69,44434.31,48663,2039315668
26-02-2025,ETH,44371.05,44456.09,44081.29,44123.66,25475,1306464673
27-02-2025,ETH,45965.46,46179.2,45712.89,45810.54,18449,988332805
28-02-2025,ETH,45004.4,45058.11,44716.51,45010.17,99200,5351800769
01-03-2025,ETH,45255.08,45638.06,44835.16,45615.12,10554,568647486
02-03-2025,ETH,44941.97,45098.47,44904.7,44981.62,27092,1141648045
03-03-2025,ETH,45729.36,45821.51,45612.38,45621.35,67885,2924766080
04-03-2025,ETH,44644.17,44924.37,44236.7,44633.2,46400,1731875563
05-03-2025,ETH,45722.51,46013.87,45519.5,45609.36,81500,3739139126
06-03-2025,ETH,44739.18,44765.14,44311.86,44423.96,90431,4482868523
07-03-2025,ETH,44192.43,44679.17,43849.48,44253.82,85864,3152721449
08-03-2025,ETH,46058.53,46387.1,46027.37,46316.2,36579,1486961532
09-03-2025,ETH,44725.84,45060.55,44707.17,44711.8,13230,480708861
10-03-2025,ETH,44594.23,45031.65,44281.92,44892.98,32947,1292668481
11-03-2025,ETH,45800.36,45880.31,45629.67,45851.1,98820,4008619069
12-03-2025,ETH,44067.45,44268.8,43898.77,44060.5,16787,619840849
13-03-2025,ETH,44337.4,44818.68,43924.59,44127.4,98802,4565588391
14-03-2025,ETH,44451.43,44469.24,44296.95,44405.82,45680,2339477499
15-03-2025,ETH,45356.23,45640.38,45338.31,45367.61,80235,3761899437
16-03-2025,ETH,44630.9,44874.28,44324,44777.9,79621,2930180195
17-03-2025,ETH,44590.51,44950.39,44589.95,44802.93,98704,5269533705
18-03-2025,ETH,44879.93,45106.44,44688.12,44745.48,40558,2156476470
19-03-2025,ETH,45112.39,45521.89,44630.09,44823.32,38098,1633327636
20-03-2025,ETH,44995.25,45345.61,44935.29,44981.46,70546,3003049150
21-03-2025,ETH,44395.48,44886.04,44034.75,44740.75,85972,4496274636
22-03-2025,ETH,44604.88,44834.46,44160.49,44326.87,95018,3951677768
23-03-2025,ETH,45171.32,45628.98,45059.95,45340.32,87373,4092702396
24-03-2025,ETH,45919.34,46340.22,45631.8,45900.82,89977,4623931165
25-03-2025,ETH,44371.28,44616.58,44197.74,44539.83,26880,1138327551
26-03-2025,ETH,45356.19,45544.56,45294.74,45466.27,63656,3353826627
27-03-2025,ETH,45670.36,45881.19,45516.94,45676.03,65657,3176042031
28-03-2025,ETH,46049.13,46229.17,45724.52,46010.41,51393,2265144637
29-03-2025,ETH,45905.52,46233.87,45622.53,45754.63,87317,3448491299
30-03-2025,ETH,46015.95,46251.73,45680.26,45913.97,55641,2341031064
31-03-2025,ETH,45748.54,45771.72,45567.42,45701.52,54016,2129815414
01-04-2025,ETH,44820.93,45313.54,44387.04,45254.17,39733,1563286802
02-04-2025,ETH,44175.85,44219.64,43871.42,44158.43,45095,2077361587
03-04-2025,ETH,44508.97,44811.88,44384.33,44789.02,14874,651160974
04-04-2025,ETH,45114.61,45155.2,44837.99,44862.43,20177,831338017
05-04-2025,ETH,44065.47,44541.86,43644.26,44332.66,16708,753043855
06-04-2025,ETH,45977.21,46440.99,45796.32,46180.8,38221,1747217326
07-04-2025,ETH,45339.95,45811.52,45035.16,45384,12332,601872337
08-04-2025,ETH,44602.95,44670.56,44247.94,44555.28,86470,3987612462
09-04-2025,ETH,44673.01,44772.53,44648.74,44703.61,24255,1102284623
10-04-2025,ETH,44951.82,45302.37,44496.18,44713.03,60298,3078610086
11-04-2025,ETH,44696.13,44992.58,44525.98,44645.1,70523,3663859024
12-04-2025,ETH,44502.25,44827.59,44361.29,44526.2,19030,995913194
13-04-2025,ETH,45724.68,46148.31,45536.22,46047.74,94999,4603805999
14-04-2025,ETH,44485.32,44717.64,44396.97,44595.1,37050,1355565006
15-04-2025,ETH,44138.93,44390.88,43915.13,44202.86,54955,2547353532
16-04-2025,ETH,44224.19,44326.28,43996.5,44212.82,82389,4057667718
17-04-2025,ETH,44245.31,44452.03,43903.82,44064.53,29491,1489387739
18-04-2025,ETH,44176.75,44254.53,44090.01,44198.41,23640,984404648
19-04-2025,ETH,45311.86,45620.92,45204.45,45238.08,95864,4947203338
20-04-2025,ETH,44550.95,44842.82,44533.14,44832.4,13264,562267009
21-04-2025,ETH,45106.81,45601.43,44731.04,45312.73,29925,1138303264
22-04-2025,ETH,44920.4,45123.65,44715.68,44852,61093,3059441271
23-04-2025,ETH,44079.02,44140.01,43828.02,43857.17,41476,1743118519
24-04-2025,ETH,45277.15,45701.96,44996.57,45183.6,49942,2428560564
25-04-2025,ETH,44536.23,44683.32,44165.59,44187.74,43995,1840291855
26-04-2025,ETH,44185.23,44641.96,44072.41,44104.52,39436,1933233597
27-04-2025,ETH,45229.21,45622.98,45229.02,45340.82,83926,3239695708
28-04-2025,ETH,45338.86,45673.61,44876.75,45515.11,97007,3696397950
29-04-2025,ETH,45074.43,45381.17,44792.39,44804.59,79989,4124595256
30-04-2025,ETH,44740.07,45112.54,44529.42,44798.47,71311,3438347764
01-05-2025,ETH,45367.2,45695.82,45111.23,45656.05,65429,2398656257
02-05-2025,ETH,45642.4,45714.92,45637.45,45682.39,32254,1450579062
03-05-2025,ETH,45110.45,45481.64,44765.87,45269.52,39209,1547101862
04-05-2025,ETH,44314.15,44781.24,44154.28,44220.21,60659,2332735125
05-05-2025,ETH,45436.94,45545.47,45325.38,45522.77,88722,3770513416
06-05-2025,ETH,45220.42,45262.49,45149.27,45206.49,21692,922912659
07-05-2025,ETH,44280.37,44280.83,44253.7,44275.4,69087,3297507422
08-05-2025,ETH,44463.52,44469.83,44167.15,44316.38,77929,3919768069
09-05-2025,ETH,45010.55,45280.54,44993.86,45161.35,17204,858300959
10-05-2025,ETH,44670.75,44778.7,44317.88,44369.81,82739,4388330598
11-05-2025,ETH,44400.79,44634.75,44059.82,44578.74,65913,3018704188
12-05-2025,ETH,45516.43,45998.61,45288.59,45448.58,47657,2294764538
13-05-2025,ETH,45584.99,45746.03,45148.29,45499.36,77891,3472417527
14-05-2025,ETH,44903.03,45152.69,44848.28,45149.39,25623,1085880150
15-05-2025,ETH,44147.5,44168.48,44075.12,44119.22,66737,3408836820
16-05-2025,ETH,45057.54,45324.37,44561.97,45016.45,33111,1573541582
17-05-2025,ETH,45503.67,45589.24,45130.31,45484.27,62103,3061898163
18-05-2025,ETH,45906.65,46055.33,45452.85,45584.73,51847,2815364377
19-05-2025,ETH,44107.68,44476.73,44043.7,44312.83,67381,2938853201
20-05-2025,ETH,45366.27,45620.78,45113.41,45605.14,96971,5192970258
21-05-2025,ETH,46015.76,46088.95,46003.08,46037.42,94509,3593662037
22-05-2025,ETH,45251.19,45690.12,44847.62,45296.71,43572,2248869812
23-05-2025,ETH,45424.46,45554.15,45347.93,45552.1,55141,2622552897
24-05-2025,ETH,44650.64,44754.13,44225.6,44604.47,65668,3293975591
25-05-2025,ETH,44812.35,44938.12,44453.03,44671.03,39873,2128202428
26-05-2025,ETH,44277.91,44368.32,44083.47,44089.76,41318,2142493798
27-05-2024,XRP,16491.14,16963.3,16129.12,16898.86,64288,1298815481
28-05-2024,XRP,16019.44,16028.69,15656.54,15916.55,78134,1425723354
29-05-2024,XRP,16072.23,16356.16,15753.86,15964.79,54731,910491579
30-05-2024,XRP,14994.56,15458.39,14873.76,15087.02,86370,1056318829
31-05-2024,XRP,15104.8,15169.7,14998.69,15157.13,44437,756398055
01-06-2024,XRP,15532.47,15948.2,15385.15,15670.92,58897,952679226
02-06-2024,XRP,16053.41,16100,16053.17,16094.63,29086,395112110
03-06-2024,XRP,16812.86,17071.54,16808.47,16850.15,27104,399601239
04-06-2024,XRP,16504.51,16656.99,16118.69,16317.96,18004,285837717
05-06-2024,XRP,16551.56,16929.61,16534.55,16613.34,95903,1871357165
06-06-2024,XRP,16018.08,16174.84,15975.1,16005.3,23133,411558329
07-06-2024,XRP,16078.74,16363.41,16005.11,16150.96,98409,1801884900
08-06-2024,XRP,15614.88,15863.65,15376.79,15395.14,35059,607810435
09-06-2024,XRP,15930.55,15993.37,15749.47,15792.59,57587,1048076905
10-06-2024,XRP,15993.36,16102.11,15954.67,16060.96,85105,1410450161
11-06-2024,XRP,16181.56,16521.09,15906.89,16159.72,59215,883491712
12-06-2024,XRP,14976.5,15278.85,14615.97,15013.95,84599,1277882919
13-06-2024,XRP,15496.27,15735.79,15260.96,15455.31,65043,1200454713
14-06-2024,XRP,15617.83,15851.74,15573.52,15789.42,59982,1050136765
15-06-2024,XRP,16664.75,16743.75,16523.19,16637.83,56024,936874502
16-06-2024,XRP,15496.84,15907.96,15320.4,15480.11,24568,380328419
17-06-2024,XRP,15971.23,16405.9,15710.51,15870.24,97248,1796134440
18-06-2024,XRP,15984.69,16178.92,15932.7,15952.92,19431,330645299
19-06-2024,XRP,15010.21,15303.24,14575.68,15095.17,11073,142675628
20-06-2024,XRP,16938.3,16982.61,16550.7,16704.62,89076,1319686084
21-06-2024,XRP,15058.73,15246.77,14802.02,15011.71,61774,893626982
22-06-2024,XRP,15887.55,16280.63,15869.83,16020.65,67413,1271247068
23-06-2024,XRP,16723.6,16861.26,16709.19,16753.48,50627,786430424
24-06-2024,XRP,16474.43,16674.42,16433.53,16607.98,36961,732821229
25-06-2024,XRP,16545.48,17036.9,16199.84,16646.52,45550,869875844
26-06-2024,XRP,15778.54,16087.93,15714.22,15856.48,46919,624220167
27-06-2024,XRP,15196.44,15473.18,14835.93,15453.22,96214,1566446760
28-06-2024,XRP,16762.11,17196.31,16440.02,16460.91,46786,881714177
29-06-2024,XRP,16685.5,16711.31,16670.21,16705.39,27218,537897378
30-06-2024,XRP,16515.46,16912.2,16164.8,16572.6,83594,1392389314
01-07-2024,XRP,14973.03,15309,14608.35,14925.7,25118,322849676
02-07-2024,XRP,16057.66,16223.21,15684.72,16002.28,45682,779128330
03-07-2024,XRP,16408.26,16695.91,16102.15,16311.63,63691,896320613
04-07-2024,XRP,16044.48,16526.85,15780.58,16400.32,29333,522375682
05-07-2024,XRP,15234.29,15638.55,14988.57,15526.32,45707,675924618
06-07-2024,XRP,15977.89,16213.05,15566.73,15675.6,19351,283647000
07-07-2024,XRP,15156.38,15204.61,14940.42,15044.88,59502,1015643182
08-07-2024,XRP,15669.25,15785.35,15473.51,15657.33,18354,313495253
09-07-2024,XRP,16554.85,16657.4,16322.38,16334.82,54365,817447175
10-07-2024,XRP,16474.59,16930.41,16103.44,16454.34,20751,343570471
11-07-2024,XRP,15054.55,15444.49,14972.89,15342.31,60495,954822123
12-07-2024,XRP,15969.63,16206.51,15473,16014.38,92759,1456881829
13-07-2024,XRP,15806.05,16073.73,15336.4,15460.81,26904,375176055
14-07-2024,XRP,15738.62,16019.21,15256.77,15541.12,64343,1193292724
15-07-2024,XRP,16586.65,16741.2,16443.06,16634.7,77069,1158750262
16-07-2024,XRP,15420.07,15728.09,14973.82,15154,84776,1479564145
17-07-2024,XRP,15255.11,15304.67,15211.53,15245.37,63468,919357571
18-07-2024,XRP,15922.46,16172.48,15698.9,15933.36,29107,510257172
19-07-2024,XRP,16344.42,16718.25,16080.08,16694.18,91904,1261097431
20-07-2024,XRP,15590.95,15971.03,15212.76,15800.37,50747,861235433
21-07-2024,XRP,15646.74,15837.15,15571.11,15746.86,56121,895040572
22-07-2024,XRP,15424.28,15484.09,15353,15394.35,92723,1538235393
23-07-2024,XRP,15523.1,15654.21,15302.07,15596.65,86278,1399378600
24-07-2024,XRP,15605.31,15735.98,15429.09,15545.64,99079,1613622685
25-07-2024,XRP,15395.22,15818.64,14912.63,15661.69,94003,1698660970
26-07-2024,XRP,16283.81,16575.65,16067.89,16288.38,69659,1179116615
27-07-2024,XRP,15018.28,15146.55,14874.25,14946.6,15047,243503395
28-07-2024,XRP,16564.13,16901.38,16174.74,16864.49,95121,1451700839
29-07-2024,XRP,16412.42,16458.46,16265,16282.2,69097,994648584
30-07-2024,XRP,16684.32,16882.09,16607.26,16618.61,85233,1447835409
31-07-2024,XRP,15063.86,15414.1,14813.96,15353.45,37576,664323638
01-08-2024,XRP,16493.59,16903,16086.75,16391.11,15764,233742713
02-08-2024,XRP,16495.07,16501.52,16166.31,16219.55,86854,1224975894
03-08-2024,XRP,15340.81,15804.54,15081.41,15205.84,79865,1296226148
04-08-2024,XRP,15604.11,15869.56,15210.21,15419.1,62580,836834415
05-08-2024,XRP,15135.15,15559.87,14641.39,14862.78,50359,637814575
06-08-2024,XRP,16016.7,16409.03,15605.26,16296.37,85109,1446978861
07-08-2024,XRP,15197.02,15398.53,14940.39,15204.09,95511,1257307899
08-08-2024,XRP,15835.39,15964.35,15576.87,15641.1,41774,761640082
09-08-2024,XRP,16755.82,17176.58,16492.21,16782.15,43139,651089668
10-08-2024,XRP,15242.53,15496.06,15128.47,15482.12,59968,1100216492
11-08-2024,XRP,16490.92,16918.03,16446.06,16851.83,91892,1670976421
12-08-2024,XRP,16533.06,16885.22,16167.46,16292.18,77188,1115874112
13-08-2024,XRP,16034.29,16260.59,15803.99,15824.42,12349,230376612
14-08-2024,XRP,15996.05,16269.87,15546.24,15793.29,88109,1417070130
15-08-2024,XRP,16263.12,16267.05,15873.62,16053.53,54627,1038891918
16-08-2024,XRP,15448.66,15557.82,15435.82,15480.62,18171,314595239
17-08-2024,XRP,15011.6,15068.89,14660.81,14953.73,32037,540934172
18-08-2024,XRP,15935.82,16103.48,15720.07,16060.39,89557,1580610130
19-08-2024,XRP,15243.74,15571.78,14833.36,15542.38,97423,1339779528
20-08-2024,XRP,15813.58,15816.59,15564.15,15728.18,75884,1033270076
21-08-2024,XRP,16721.06,16892.9,16226.71,16560.21,26421,384617642
22-08-2024,XRP,16242.45,16374.77,16161.51,16355.39,20625,271859515
23-08-2024,XRP,16793.98,16921.3,16548.76,16627.51,49284,880324411
24-08-2024,XRP,16531.82,16613.74,16380.81,16384.09,86340,1370911918
25-08-2024,XRP,15731.63,16102.58,15460,15480.66,66176,1022863443
26-08-2024,XRP,15198.34,15495.01,14792.02,15002.71,99920,1329195388
27-08-2024,XRP,16059.12,16357.29,15618.01,16303.88,74558,1374694892
28-08-2024,XRP,16403.6,16581.19,16299.27,16535.93,84861,1541415263
29-08-2024,XRP,15968.64,16347.51,15712.88,16108.5,38351,682206309
30-08-2024,XRP,15596.3,15757.35,15160,15309.09,77468,1045639779
31-08-2024,XRP,16176.07,16492.1,15763.61,15809.98,57450,836656476
01-09-2024,XRP,16071.41,16396.69,15684.56,16045.11,52333,936491999
02-09-2024,XRP,16671.57,16724.2,16504.21,16702.52,25462,372988635
03-09-2024,XRP,16024.38,16516.02,15677.94,16087.79,17635,229927489
04-09-2024,XRP,15861.61,15976.32,15570.29,15899.25,72641,1014727701
05-09-2024,XRP,15761.36,16080.14,15684.68,16048.38,39618,523897981
06-09-2024,XRP,15453.99,15851.68,15012.49,15524.68,43792,806759755
07-09-2024,XRP,16605.72,16697.5,16491.29,16515.47,90459,1478554665
08-09-2024,XRP,16430.33,16866.88,16284.03,16628.77,40526,590748930
09-09-2024,XRP,15196.87,15637.44,14722.43,15501.47,82385,1189243098
10-09-2024,XRP,15065.67,15253.85,14701.86,15125.83,57521,929257207
11-09-2024,XRP,15441.41,15515.87,15195.71,15334.83,27429,413612859
12-09-2024,XRP,16567.52,17012.9,16481.48,16821.86,35770,486701054
13-09-2024,XRP,15881.33,16013.48,15590.48,15946.21,96643,1292389145
14-09-2024,XRP,15038.68,15221,14808.41,15044.98,34169,438445772
15-09-2024,XRP,16500.3,16597.69,16028.29,16163.33,24881,412731549
16-09-2024,XRP,16956.41,17048.56,16719.69,17025.48,89099,1788836614
17-09-2024,XRP,16800.48,16940.57,16419.15,16500.4,31904,536118974
18-09-2024,XRP,15456.01,15921.85,15408.08,15561.59,11472,158696176
19-09-2024,XRP,15821.95,15843.4,15492.78,15593.12,42694,548859654
20-09-2024,XRP,15751.04,15926.83,15582.97,15850.78,20328,336210975
21-09-2024,XRP,15917.06,16188.95,15523.9,15951.55,64145,855262930
22-09-2024,XRP,16387.12,16580.84,16112.56,16124.07,74072,1417398831
23-09-2024,XRP,16759.38,17086.28,16386.6,16494.88,26806,478961048
24-09-2024,XRP,15625.19,15644.93,15542.27,15636.28,21218,366434948
25-09-2024,XRP,16055.03,16488.9,15846.09,16193.4,61816,938388108
26-09-2024,XRP,15228.79,15699.63,14847.66,15441.52,32227,596108251
27-09-2024,XRP,15813.81,16135.18,15407.33,15762.52,43739,636710844
28-09-2024,XRP,15093.05,15426.51,14941.26,15080.45,48244,829796724
29-09-2024,XRP,16533.02,16873.35,16291.03,16356.99,39482,603891043
30-09-2024,XRP,15986.82,16275.34,15961.31,16004.62,37992,528776337
01-10-2024,XRP,15444.18,15554.98,15317.86,15496.92,80937,1356915562
02-10-2024,XRP,16386.19,16875.69,15987.06,16620.76,37234,563383203
03-10-2024,XRP,15184.53,15543.71,15031.12,15182.3,56762,989448349
04-10-2024,XRP,16901.15,17218.73,16792.58,16958.53,93692,1672567670
05-10-2024,XRP,15887.18,16028.42,15441.52,15513.39,76978,1253221617
06-10-2024,XRP,15247.1,15706.36,14766.46,15329.49,53847,818886913
07-10-2024,XRP,15196.11,15387.35,14749.62,15365.62,35878,631721429
08-10-2024,XRP,16404.54,16509.74,16295.08,16420.06,14501,262661651
09-10-2024,XRP,15742.34,16111.63,15338.89,15583.58,61778,820686717
10-10-2024,XRP,15199.66,15324.24,14709.76,14954.24,43306,685591550
11-10-2024,XRP,16870.96,17259.97,16413.51,17246.18,89056,1399770658
12-10-2024,XRP,15167.58,15349.97,14863.32,15221.65,95612,1474819221
13-10-2024,XRP,16560.32,16942.09,16396.03,16682.69,93937,1679544284
14-10-2024,XRP,15285.68,15478.23,15031.52,15182.05,97076,1671283252
15-10-2024,XRP,16024.48,16052.72,15763.55,15789.23,87198,1370802561
16-10-2024,XRP,16010.71,16247.38,15839.8,15913.16,16723,248010356
17-10-2024,XRP,16331.96,16799.76,16331.62,16403.64,25950,501813368
18-10-2024,XRP,15522.7,15731.98,15403.72,15616.78,22603,313516600
19-10-2024,XRP,16904.27,17173.71,16778.63,17086.08,35768,707897985
20-10-2024,XRP,16771.24,17197.48,16326.5,16351.82,50192,677838928
21-10-2024,XRP,15620.92,16071.35,15210.2,15731.94,31657,467759778
22-10-2024,XRP,15765.99,15882.25,15469,15629.03,46880,807117407
23-10-2024,XRP,15192.66,15689.34,14823.59,15246.22,41591,699367338
24-10-2024,XRP,14993.04,14999.79,14587.6,14667,79568,957571607
25-10-2024,XRP,16960.97,17038.12,16732.54,16773.78,26088,517958623
26-10-2024,XRP,15131.54,15386.28,14773.11,15316.1,79930,1221579396
27-10-2024,XRP,16961.53,17238.65,16943.78,17126.96,65036,1155715980
28-10-2024,XRP,16650.04,16910.7,16508.89,16814.08,70053,1407620055
29-10-2024,XRP,16902.5,17319.41,16610.05,16937.92,96574,1451133367
30-10-2024,XRP,16408.8,16491.18,15971.69,16110.41,55847,806337236
31-10-2024,XRP,15625.22,15867.53,15197.56,15519.98,73162,1018755835
01-11-2024,XRP,16066.94,16425.88,15999.6,16132.35,26645,360716282
02-11-2024,XRP,16857.47,17130.45,16370.16,16534.73,83100,1506635554
03-11-2024,XRP,15070.38,15413.9,14979.99,15354.17,23634,419844798
04-11-2024,XRP,15258.71,15262.24,15060.58,15143.19,48692,611885598
05-11-2024,XRP,15870.23,16092.41,15750.41,15778.88,69101,1269845381
06-11-2024,XRP,16252.17,16736.67,15778.57,16311.32,72154,1227261044
07-11-2024,XRP,15481.88,15901.84,15066.91,15608.2,92369,1315382394
08-11-2024,XRP,15317.92,15457.59,14918.99,15205.14,19698,352550326
09-11-2024,XRP,15703.41,16081.17,15270.23,15369.4,32926,540450670
10-11-2024,XRP,16156.17,16478.12,15990.69,16422.35,37009,499447858
11-11-2024,XRP,15028.5,15491.05,14590.1,15208.73,70689,1102796820
12-11-2024,XRP,16476.23,16754.08,16099.6,16239.17,29764,443384171
13-11-2024,XRP,15142.39,15466.34,14735.83,15005.77,71228,1269436785
14-11-2024,XRP,16751.25,16987.76,16618.76,16780.57,73630,1193856426
15-11-2024,XRP,16252.11,16622.98,16037.7,16473.61,78301,1270615155
16-11-2024,XRP,15550.21,15896.24,15178.21,15409.74,28961,468794409
17-11-2024,XRP,15444.52,15511.82,15062.61,15373.59,28935,498262470
18-11-2024,XRP,15777.25,16011.38,15581.35,15747.34,76565,1298779046
19-11-2024,XRP,15031.32,15282.76,14790.7,15251.77,90687,1145024173
20-11-2024,XRP,15140.28,15302.27,15111.22,15256.71,41899,766777014
21-11-2024,XRP,16591.08,16706.26,16296.22,16333.71,43081,729895087
22-11-2024,XRP,15028.57,15276.51,14826.17,15264.98,95560,1436058769
23-11-2024,XRP,16169.85,16204.59,15905.87,16176.01,63646,1218542725
24-11-2024,XRP,15653.44,15697.59,15448.06,15679.21,94286,1562791141
25-11-2024,XRP,15830.64,15869.5,15689.57,15763.41,51329,687592375
26-11-2024,XRP,15570.03,15752.84,15229.89,15747.77,91874,1473625470
27-11-2024,XRP,15089.35,15128.54,14863.89,14916.5,30809,389829568
28-11-2024,XRP,16561.31,16735.32,16133.35,16267.07,36581,503720763
29-11-2024,XRP,16600.37,16846.91,16226.3,16414.05,51048,806644902
30-11-2024,XRP,15010.18,15098.33,14604.86,14984.58,90728,1343134671
01-12-2024,XRP,15853.6,16120.87,15482.46,15496.16,78777,1285670546
02-12-2024,XRP,15918.43,16158.63,15609.56,15710.88,89099,1560207498
03-12-2024,XRP,15298.49,15726.52,15190.7,15202.1,11268,183693749
04-12-2024,XRP,16526.88,16711.48,16472.5,16588.17,90990,1492822283
05-12-2024,XRP,16910.26,17392.5,16464.41,16767.1,64375,1045397988
06-12-2024,XRP,15510.08,15875.08,15282.56,15773.03,67196,936719571
07-12-2024,XRP,15125.22,15574.41,14799.39,15245.3,41345,723021044
08-12-2024,XRP,15613.22,15674.68,15391.95,15598.22,92936,1533283776
09-12-2024,XRP,15899.68,16298.29,15704.68,16141.52,34055,557048515
10-12-2024,XRP,16436.62,16701.12,16303.97,16500.67,20889,317277087
11-12-2024,XRP,15732.85,16092.24,15470.18,15812.07,48630,865263698
12-12-2024,XRP,16513.88,16905.51,16304.59,16645.95,36103,639205687
13-12-2024,XRP,15931.84,16137.53,15814.75,16039.56,96715,1423380823
14-12-2024,XRP,16773.16,17265.62,16697.17,16990.19,57971,875914381
15-12-2024,XRP,16836.35,16895.26,16611.64,16673.01,91662,1569865801
16-12-2024,XRP,15829.96,15846.01,15683.76,15699.9,76017,1071288646
17-12-2024,XRP,16024.01,16118.96,15753.93,15843.37,49288,904225491
18-12-2024,XRP,15766.54,16215.07,15327.02,15597.89,39441,575379606
19-12-2024,XRP,15561.3,15589.3,15095.95,15355.99,49701,741962986
20-12-2024,XRP,16390.71,16553.84,16142.18,16339.65,98745,1923561844
21-12-2024,XRP,14974.99,15064,14852.94,14974.42,83422,1276950778
22-12-2024,XRP,15735.71,15865.44,15574.71,15694.12,25522,343073821
23-12-2024,XRP,15618.45,15885.27,15457.81,15552.89,20345,257283319
24-12-2024,XRP,16206.92,16526.72,15739.78,15978.52,14415,242389694
25-12-2024,XRP,15641.53,15677.13,15143.76,15155.95,32393,499314050
26-12-2024,XRP,16385.03,16704.67,16247.9,16390.22,82019,1255635191
27-12-2024,XRP,15306.87,15726.93,14903.21,14942.9,70359,1141675770
28-12-2024,XRP,15000.31,15127.05,14595.05,15038.12,73234,1176768594
29-12-2024,XRP,16625.78,16779.23,16281.14,16342.44,49004,648008205
30-12-2024,XRP,16228.43,16310.6,16187.47,16280.69,98798,1472681940
31-12-2024,XRP,16197.52,16579.97,15746.57,15879.14,90560,1706147898
01-01-2025,XRP,16891.42,17222.63,16651.62,17142.32,61077,1083510878
02-01-2025,XRP,15329.57,15639.34,14907.97,15065.12,43857,595548589
03-01-2025,XRP,15981.77,16046.11,15531.99,15771.21,34702,560137719
04-01-2025,XRP,16135.65,16143.22,15896.94,15944.87,95676,1523274963
05-01-2025,XRP,16831.98,17088.95,16557.54,17065.06,37234,693409729
06-01-2025,XRP,15158.86,15282.76,14811.79,14960.18,58691,1004298335
07-01-2025,XRP,16180.59,16295.98,15877.56,16199.2,41221,575250386
08-01-2025,XRP,15115.61,15346.98,14694.86,15192.85,54083,934155506
09-01-2025,XRP,15107.06,15536.87,14945.97,15074.57,29425,441978894
10-01-2025,XRP,15068.98,15377.62,14631.28,14917.75,41870,549927586
11-01-2025,XRP,16372.33,16530.98,15921.01,16293.42,88434,1493203130
12-01-2025,XRP,16162.77,16428.77,15972.48,16159.69,91707,1303571416
13-01-2025,XRP,16095.43,16165.65,15825.95,16153.47,85381,1591428452
14-01-2025,XRP,16118.41,16558.48,15677.01,16252.44,70194,1305890575
15-01-2025,XRP,15731.26,15755.09,15279.71,15563.36,81178,1475676698
16-01-2025,XRP,16784.38,16799.28,16421.4,16644.02,35111,658066933
17-01-2025,XRP,16688.03,16892.42,16480.66,16879.81,48796,964696614
18-01-2025,XRP,16755.13,17119.3,16688.47,16691.46,78586,1403696001
19-01-2025,XRP,16965.32,17088.53,16584.53,16604.41,28521,385209967
20-01-2025,XRP,16907.07,17310.46,16814.37,17032.45,52273,774506100
21-01-2025,XRP,15669.42,15949.68,15490.9,15935.53,12553,185705054
22-01-2025,XRP,15597.74,15758.12,15568.88,15655.17,40946,755001789
23-01-2025,XRP,16757.04,17229.91,16714.16,16984.45,46008,874901573
24-01-2025,XRP,15480.91,15545.49,15193.68,15339.01,73834,1178988327
25-01-2025,XRP,15011.87,15276.77,14902.87,15156.26,82239,1087756392
26-01-2025,XRP,15768.29,16182.97,15344.09,15346.48,70129,875647716
27-01-2025,XRP,16754.99,17082.82,16474.92,16830.45,79740,1210648307
28-01-2025,XRP,15406.89,15432.46,15390.79,15424.43,47211,812546894
29-01-2025,XRP,16106.1,16320.69,16105.58,16154.9,58915,1111551541
30-01-2025,XRP,15738.89,15908.92,15711.73,15882.79,24038,451320284
31-01-2025,XRP,15271.08,15394.22,14966.3,15169.41,22449,360887305
01-02-2025,XRP,15586.03,15962.15,15524.65,15878.46,94341,1250811127
02-02-2025,XRP,15690.38,15811.59,15486.73,15671.2,37494,614728105
03-02-2025,XRP,16770.66,16813.04,16637.46,16645.2,83195,1338999191
04-02-2025,XRP,16166.18,16250.76,15779.67,16030.7,31963,435469659
05-02-2025,XRP,16555.25,16637.36,16225.48,16537.5,38606,742341860
06-02-2025,XRP,16789.96,17059.22,16598.36,16627.58,53511,791449766
07-02-2025,XRP,15450.55,15501.86,14998.16,15400.21,32783,417915781
08-02-2025,XRP,16287.83,16402.59,16242.16,16348.82,88665,1717412991
09-02-2025,XRP,16541.57,16993.22,16124.97,16901.6,88796,1332384322
10-02-2025,XRP,15334.18,15518.95,15324.58,15370.43,57775,921278805
11-02-2025,XRP,15382.39,15648.14,15123.65,15271.79,13235,224352518
12-02-2025,XRP,15827.61,16040.79,15773.73,15860.39,31908,507668050
13-02-2025,XRP,15889.07,15975.37,15645.74,15686.8,78594,1298169759
14-02-2025,XRP,16759.02,16806.52,16282.52,16687.69,88522,1740256947
15-02-2025,XRP,15130.9,15263.84,14940.51,14972.17,21263,323517438
16-02-2025,XRP,15194.45,15334.44,14976.74,15250.7,75121,1293529151
17-02-2025,XRP,15227.82,15659.19,15115.54,15624.12,93843,1692148890
18-02-2025,XRP,15243.02,15477.27,14925,15425.4,67480,1127338773
19-02-2025,XRP,16284.89,16752.33,16230.3,16569.93,73357,1151948757
20-02-2025,XRP,16059.9,16075.16,15603.73,15780.2,56759,895107840
21-02-2025,XRP,15934.79,16228.7,15593.2,15806.81,60117,1088762830
22-02-2025,XRP,16428.7,16654.45,16071.03,16368.78,44534,845583557
23-02-2025,XRP,16434.68,16655.05,16158.59,16491.3,16777,247430927
24-02-2025,XRP,16330.26,16788.14,16228.61,16777,50228,914777727
25-02-2025,XRP,16815.63,17284.09,16441.64,16895.29,18443,282079087
26-02-2025,XRP,15992.76,16458.9,15559.12,15844.07,51903,808443333
27-02-2025,XRP,15527.57,15656.89,15150.14,15629.19,18888,292562531
28-02-2025,XRP,16256.56,16435.99,15881.47,15938.62,45662,826381122
01-03-2025,XRP,16910.92,17278.44,16639.04,16726.8,83108,1659249250
02-03-2025,XRP,16360.3,16720.11,16188.43,16697.7,43564,715719557
03-03-2025,XRP,16307.89,16647.87,15974.88,16454.45,51942,724943159
04-03-2025,XRP,16630.74,17052.39,16380.76,16961.73,33881,613336220
05-03-2025,XRP,15196.73,15444.04,14795.1,15033.12,35783,578425576
06-03-2025,XRP,15032.15,15092.37,14987.88,15003.66,85114,1330492655
07-03-2025,XRP,15415.61,15574.37,15293.64,15483.05,47546,879698876
08-03-2025,XRP,16008.97,16202.28,15833.64,16143.61,81765,1276870932
09-03-2025,XRP,15386.75,15593.35,14992.67,15370.9,59086,948712985
10-03-2025,XRP,16517.4,16874.13,16135.49,16816.1,59196,1136060895
11-03-2025,XRP,15838.78,16156.19,15512.99,16153.58,83975,1167323343
12-03-2025,XRP,16247.83,16411.57,15894.49,16359.41,68330,1080686370
13-03-2025,XRP,16342.2,16459.58,16143.8,16283.73,55509,823029315
14-03-2025,XRP,15305.19,15772.67,15167.75,15664.21,96888,1709126320
15-03-2025,XRP,15106.29,15241,14789.57,15143.37,89826,1155929228
16-03-2025,XRP,16662.15,16790.24,16362.15,16533.01,90896,1535385717
17-03-2025,XRP,16653.76,16688.2,16386.52,16400.07,71102,1284838577
18-03-2025,XRP,15292.94,15666.12,15257.54,15389.24,75481,1195771697
19-03-2025,XRP,16790.53,17202.28,16429.32,16879.97,78356,1538456007
20-03-2025,XRP,15790.3,15964.47,15586.59,15626.51,33046,581330784
21-03-2025,XRP,15754.57,16202.1,15740.24,16074.81,17547,263589427
22-03-2025,XRP,16637.48,16755.26,16524.71,16576.86,82475,1351413553
23-03-2025,XRP,15386.84,15474.51,15203.33,15416.95,46256,577553328
24-03-2025,XRP,16211.61,16224.27,15853.19,15930.56,85349,1354947885
25-03-2025,XRP,16233.42,16674.79,16115.34,16529.26,44191,679176476
26-03-2025,XRP,16597.7,16978.52,16389.89,16667.52,90423,1353021231
27-03-2025,XRP,15583.32,15664.39,15535.6,15571.37,46321,598823794
28-03-2025,XRP,15015,15199.07,14876.91,14974.14,57999,893187589
29-03-2025,XRP,15823.61,16176.09,15632.55,16163.29,75007,1266077660
30-03-2025,XRP,16292.41,16715.77,16015.86,16494.82,46102,645572150
31-03-2025,XRP,15152.43,15599.12,14826.02,15565.54,18227,268975847
01-04-2025,XRP,15588.3,15907.28,15123.49,15369.13,80540,1390217205
02-04-2025,XRP,16349.38,16803.52,16284.49,16505.51,63499,1249933797
03-04-2025,XRP,16538.13,16946.72,16432.16,16835.94,33808,503550728
04-04-2025,XRP,16894.94,16953.38,16549.19,16731.15,11042,182938664
05-04-2025,XRP,15683.7,15938.72,15630.35,15909.95,67994,1041027216
06-04-2025,XRP,15350.03,15449.52,15022.9,15403.65,76483,1283299391
07-04-2025,XRP,15653.72,16140.6,15422.03,15587.11,75768,1048764041
08-04-2025,XRP,15209.02,15460.47,14968.86,15208.78,62112,1105808884
09-04-2025,XRP,16764.09,17161.1,16428.05,16850.51,15334,218761253
10-04-2025,XRP,16489.24,16735.84,16433.64,16646.37,51561,774535798
11-04-2025,XRP,16646.56,16798.83,16172.59,16378.65,63519,1082962415
12-04-2025,XRP,15453.53,15911.2,15257.03,15794.24,67313,1181490906
13-04-2025,XRP,16352.35,16405.56,16276.33,16297.87,27168,365089116
14-04-2025,XRP,16444.77,16756.87,16002,16264.27,76221,1353097746
15-04-2025,XRP,16874.24,17190.95,16671.33,16730.79,93523,1761694126
16-04-2025,XRP,15932.94,16370.93,15708.82,16319.88,53217,725984837
17-04-2025,XRP,16292.24,16358.28,15802.31,16193.91,28567,391919897
18-04-2025,XRP,15720.76,16042.99,15368.02,15388.76,14424,217905318
19-04-2025,XRP,15356.88,15516.35,14952.77,15199.32,68263,895257452
20-04-2025,XRP,15315.63,15372.64,15313.09,15316.73,85439,1356474962
21-04-2025,XRP,16202.27,16342.92,16005.58,16067.97,45907,690642815
22-04-2025,XRP,16153.63,16253.77,15833.67,15920.44,47702,816264870
23-04-2025,XRP,15500.82,15671.26,15045.25,15050.29,98178,1470995181
24-04-2025,XRP,15633.1,16039.17,15215.38,15313.21,65828,929079511
25-04-2025,XRP,16680.47,17059.66,16193.18,16926.44,79562,1315533553
26-04-2025,XRP,15562.74,15568.67,15340.35,15561.07,57790,847344237
27-04-2025,XRP,15592.45,15917.09,15128.89,15649.07,69457,1282883015
28-04-2025,XRP,15116.56,15533.15,14668.87,14758.71,34628,496587367
29-04-2025,XRP,16083.24,16402.47,15603.5,15853.42,36240,531733792
30-04-2025,XRP,16950.52,17044.46,16779.4,16812.13,94404,1679954059
01-05-2025,XRP,16801.18,17090.73,16301.67,16490.4,27929,468791386
02-05-2025,XRP,16157.22,16447,15948.89,16137.19,83673,1514649836
03-05-2025,XRP,15157.4,15413.67,14814.99,15250.01,82426,1125568998
04-05-2025,XRP,15585.22,16026.42,15370.63,15894.02,19168,276628228
05-05-2025,XRP,15298.2,15474.33,14923.11,15266.93,40888,530971042
06-05-2025,XRP,15255.69,15561.67,15015.69,15046.17,46323,694167534
07-05-2025,XRP,15660.81,15761.72,15522.67,15554.89,48511,711660731
08-05-2025,XRP,16665.74,17041.36,16391.06,16877.23,64228,1079503432
09-05-2025,XRP,15621.69,15651.29,15507.5,15531.89,16067,214372458
10-05-2025,XRP,16081.36,16482.35,15773.93,16139.35,27057,503908524
11-05-2025,XRP,16321.7,16745.93,16012.26,16512.84,66689,1312402001
12-05-2025,XRP,15131.57,15489.82,14824.44,15115.58,38345,607460913
13-05-2025,XRP,15212.29,15600.82,15127.71,15258.66,28178,350936396
14-05-2025,XRP,15761.16,16014.82,15506.13,15594.36,97655,1249989114
15-05-2025,XRP,15146.41,15238.98,14881.18,15009.78,29015,464379052
16-05-2025,XRP,16641.21,16920.7,16268.55,16904.98,94442,1553038156
17-05-2025,XRP,15276.64,15609.58,14826.17,15102.45,79308,1009962331
18-05-2025,XRP,16917.92,17253.04,16447.96,16951.86,92046,1761553631
19-05-2025,XRP,16261.23,16569.71,16036.23,16471.68,16595,288276388
20-05-2025,XRP,16933.81,17094.78,16745.91,17081.06,77095,1350659463
21-05-2025,XRP,16800.56,17246.31,16454.45,16659.13,19545,388197857
22-05-2025,XRP,15891.96,16172.69,15798.7,15987.91,11255,174508776
23-05-2025,XRP,16903.94,17264.49,16731.12,17164.78,30597,499945598
24-05-2025,XRP,16216.56,16628.24,15747.82,16053.46,72190,1199960321
25-05-2025,XRP,15004.35,15306.56,14780.65,14823.26,83649,1085446116
26-05-2025,XRP,16269.2,16438.77,15841.85,16177.69,98900,1911446102
